Strategic_FPTP_Efficiency_Gap,Honest_FPTP_Efficiency_Gap,Approval_Efficiency_Gap,Borda_Efficiency_Gap,Classic_STV_Efficiency_Gap,Complete_STV_Efficiency_Gap,Wasted_Ballot_Efficiency_Gap
-0.3834,-0.2504,-0.6577,-0.6454666666666666,-0.3941,-0.3999,-0.1354
-0.4039,-0.2747,-0.65855,-0.6480666666666667,-0.4205,-0.4238,-0.1534
-0.3973,-0.2696,-0.66555,-0.6519833333333334,-0.4095,-0.4149,-0.1636
-0.3966,-0.2796,-0.6563,-0.6475,-0.4181,-0.4202,-0.1447
-0.4164,-0.2955,-0.6659,-0.6545166666666666,-0.4275,-0.4351,-0.1732
-0.3839,-0.2519,-0.6548,-0.6434666666666666,-0.3943,-0.4,-0.1222
-0.4275,-0.2931,-0.66475,-0.6548666666666667,-0.4419,-0.4428,-0.1654
-0.3916,-0.2653,-0.65895,-0.64735,-0.4076,-0.412,-0.1477
-0.4173,-0.2896,-0.666,-0.6561333333333333,-0.433,-0.4395,-0.1597
-0.3905,-0.2573,-0.66065,-0.6481333333333333,-0.404,-0.4054,-0.1393
-0.414,-0.2871,-0.65725,-0.6489333333333334,-0.4323,-0.4372,-0.1513
-0.4061,-0.2747,-0.6605,-0.6481666666666667,-0.4217,-0.4167,-0.1477
-0.4095,-0.2797,-0.65895,-0.65005,-0.4195,-0.424,-0.1525
-0.4106,-0.2861,-0.6624,-0.6508833333333334,-0.4244,-0.4283,-0.1528
-0.4123,-0.2942,-0.66295,-0.6508166666666667,-0.4285,-0.4378,-0.1612
-0.4421,-0.3159,-0.67155,-0.6623666666666667,-0.4672,-0.466,-0.1927
-0.3886,-0.2691,-0.6558,-0.6437,-0.4026,-0.4131,-0.1336
-0.4113,-0.2877,-0.6675,-0.65545,-0.4309,-0.4369,-0.1633
-0.3845,-0.244,-0.66035,-0.6467666666666667,-0.3989,-0.3898,-0.1375
-0.4007,-0.265,-0.66585,-0.6510333333333334,-0.4153,-0.4132,-0.1597
-0.3758,-0.2536,-0.6607,-0.6448,-0.3879,-0.4031,-0.1453
-0.4,-0.2831,-0.65895,-0.6499666666666667,-0.4222,-0.425,-0.1444
-0.3878,-0.2713,-0.65355,-0.6443,-0.4026,-0.4183,-0.1297
-0.4038,-0.2829,-0.6593,-0.6517833333333334,-0.419,-0.4286,-0.1546
-0.4043,-0.2837,-0.6609,-0.6491666666666667,-0.4256,-0.4272,-0.1441
-0.3859,-0.2629,-0.6592,-0.646,-0.403,-0.4084,-0.1456
-0.4422,-0.3066,-0.6705,-0.6606,-0.4543,-0.4542,-0.1843
-0.4085,-0.2855,-0.6625,-0.6524666666666666,-0.4281,-0.431,-0.1633
-0.3964,-0.2761,-0.65985,-0.64955,-0.4168,-0.4188,-0.1579
-0.434,-0.3073,-0.67465,-0.6591666666666667,-0.4588,-0.4549,-0.1822
-0.3914,-0.2753,-0.66465,-0.65235,-0.4173,-0.4225,-0.1561
-0.3941,-0.2718,-0.6586,-0.64655,-0.4079,-0.4177,-0.1537
-0.4155,-0.2867,-0.6588,-0.6528666666666667,-0.427,-0.4309,-0.1606
-0.4252,-0.2973,-0.6665,-0.6581333333333333,-0.4445,-0.4468,-0.1693
-0.4245,-0.3037,-0.6689,-0.65375,-0.4353,-0.4406,-0.1762
-0.4484,-0.3249,-0.66965,-0.6636333333333333,-0.473,-0.4721,-0.1849
-0.4202,-0.2913,-0.6667,-0.65645,-0.4319,-0.435,-0.1663
-0.3834,-0.2601,-0.6678,-0.6504,-0.4005,-0.4096,-0.1687
-0.4361,-0.3035,-0.6765,-0.66275,-0.4592,-0.4574,-0.1936
-0.4007,-0.2722,-0.65985,-0.6471,-0.4092,-0.416,-0.1444
-0.3914,-0.2663,-0.66065,-0.6497666666666667,-0.4057,-0.4146,-0.1444
-0.3932,-0.2712,-0.6572,-0.6462166666666667,-0.4105,-0.4125,-0.1453
-0.4086,-0.2878,-0.6622,-0.6499333333333334,-0.4242,-0.4267,-0.1618
-0.3828,-0.2513,-0.66425,-0.6472333333333333,-0.3925,-0.3898,-0.1516
-0.4285,-0.3013,-0.66185,-0.6519833333333334,-0.4437,-0.4433,-0.1627
-0.4128,-0.2973,-0.6617,-0.6538166666666667,-0.4301,-0.4376,-0.1585
-0.4063,-0.281,-0.66715,-0.6541,-0.4222,-0.4258,-0.1687
-0.3951,-0.2751,-0.65345,-0.64495,-0.4101,-0.4124,-0.1459
-0.3934,-0.264,-0.65745,-0.6472333333333333,-0.4152,-0.4128,-0.1408
-0.4366,-0.3045,-0.6717,-0.6606666666666666,-0.4515,-0.4537,-0.1849
-0.3843,-0.2651,-0.65745,-0.6450333333333333,-0.3986,-0.4064,-0.1378
-0.4013,-0.2821,-0.66125,-0.6525166666666666,-0.4246,-0.4302,-0.1591
-0.3891,-0.2687,-0.65915,-0.6486333333333333,-0.4071,-0.4158,-0.1495
-0.3753,-0.2569,-0.65475,-0.6424166666666666,-0.3862,-0.3983,-0.1276
-0.3922,-0.2748,-0.6583,-0.6476333333333333,-0.4104,-0.4151,-0.1474
-0.4163,-0.286,-0.6731,-0.6581166666666667,-0.4311,-0.4345,-0.1783
-0.4107,-0.2794,-0.6653,-0.6525666666666666,-0.4268,-0.4275,-0.1606
-0.3873,-0.2599,-0.6564,-0.64235,-0.3989,-0.3965,-0.1357
-0.4151,-0.2832,-0.6663,-0.65335,-0.4267,-0.4326,-0.1732
-0.3785,-0.2498,-0.65445,-0.6438833333333334,-0.3918,-0.3957,-0.1282
-0.4181,-0.301,-0.67075,-0.6569833333333334,-0.4376,-0.442,-0.1738
-0.3982,-0.2692,-0.65835,-0.6446,-0.4171,-0.4202,-0.1399
-0.4163,-0.2973,-0.67745,-0.6611833333333333,-0.44,-0.4399,-0.1924
-0.409,-0.2805,-0.6635,-0.65385,-0.4194,-0.4255,-0.1618
-0.4278,-0.3057,-0.669,-0.6575333333333333,-0.4522,-0.4571,-0.1831
-0.4184,-0.3001,-0.66765,-0.6558666666666667,-0.4392,-0.4399,-0.172
-0.3932,-0.2664,-0.65365,-0.646,-0.4017,-0.4095,-0.1408
-0.4264,-0.2932,-0.6628,-0.6525,-0.4381,-0.437,-0.1687
-0.3961,-0.2745,-0.66255,-0.6503833333333333,-0.4149,-0.4159,-0.1552
-0.3811,-0.2664,-0.6604,-0.6450666666666667,-0.3982,-0.4109,-0.1387
-0.393,-0.2643,-0.6588,-0.6461666666666667,-0.408,-0.4153,-0.1435
-0.4326,-0.3082,-0.6755,-0.6612333333333333,-0.456,-0.452,-0.1915
-0.4039,-0.2673,-0.6633,-0.6512166666666667,-0.4148,-0.4168,-0.1603
-0.3743,-0.2535,-0.65875,-0.6460666666666667,-0.3856,-0.3962,-0.139
-0.413,-0.2801,-0.66495,-0.6522166666666667,-0.4254,-0.4256,-0.1534
-0.3938,-0.2614,-0.65815,-0.6480833333333333,-0.4022,-0.4094,-0.1384
-0.4216,-0.2923,-0.65595,-0.6493666666666666,-0.4434,-0.4366,-0.1543
-0.421,-0.2994,-0.66365,-0.65305,-0.4404,-0.4448,-0.1666
-0.4047,-0.2677,-0.6614,-0.6475666666666666,-0.4152,-0.414,-0.1489
-0.4138,-0.2852,-0.666,-0.6576166666666666,-0.4299,-0.4334,-0.1717
-0.3957,-0.2747,-0.6583,-0.64625,-0.4085,-0.4185,-0.1432
-0.4013,-0.2813,-0.65475,-0.6486166666666666,-0.4166,-0.4262,-0.1468
-0.4118,-0.2874,-0.66455,-0.6540333333333334,-0.4313,-0.4341,-0.1768
-0.3997,-0.2775,-0.6639,-0.6501333333333333,-0.4222,-0.4265,-0.1582
-0.3819,-0.257,-0.6535,-0.6427833333333334,-0.4007,-0.4032,-0.133
-0.385,-0.262,-0.6514,-0.6424,-0.3994,-0.4041,-0.1225
-0.4041,-0.2767,-0.66725,-0.6551,-0.4352,-0.4312,-0.1663
-0.4066,-0.2669,-0.66125,-0.6496666666666666,-0.4138,-0.4156,-0.1507
-0.3914,-0.2494,-0.6578,-0.6452833333333333,-0.3996,-0.4064,-0.1423
-0.4129,-0.2798,-0.6635,-0.6536333333333333,-0.4235,-0.4304,-0.163
-0.4083,-0.2763,-0.66325,-0.6505,-0.4274,-0.4264,-0.1621
-0.3948,-0.2721,-0.66035,-0.6487666666666667,-0.4095,-0.4136,-0.1423
-0.395,-0.2796,-0.6622,-0.6485666666666666,-0.4092,-0.4178,-0.1516
-0.4278,-0.2967,-0.67525,-0.6633,-0.448,-0.4484,-0.1945
-0.3981,-0.2674,-0.6605,-0.6501666666666667,-0.4121,-0.4113,-0.1591
-0.4205,-0.3097,-0.66465,-0.64935,-0.4451,-0.4514,-0.1642
-0.4296,-0.3115,-0.67535,-0.6611666666666667,-0.4571,-0.4569,-0.1864
-0.3774,-0.258,-0.65165,-0.6403166666666666,-0.3933,-0.3973,-0.1231
-0.4208,-0.3018,-0.66615,-0.6538666666666667,-0.4474,-0.4449,-0.1756
-0.3807,-0.2557,-0.6574,-0.64575,-0.3951,-0.4053,-0.1306
-0.3727,-0.2563,-0.65255,-0.6396833333333334,-0.3834,-0.3938,-0.1279
-0.3883,-0.2587,-0.66045,-0.6484,-0.4033,-0.4038,-0.1477
-0.394,-0.2674,-0.66325,-0.6484666666666666,-0.4048,-0.4157,-0.1516
-0.4299,-0.3132,-0.6675,-0.6570333333333334,-0.4608,-0.4592,-0.1798
-0.3951,-0.2741,-0.65665,-0.64465,-0.4159,-0.4196,-0.1348
-0.3982,-0.2773,-0.65455,-0.6465666666666666,-0.4152,-0.4176,-0.142
-0.4186,-0.2957,-0.66875,-0.6557,-0.4465,-0.4444,-0.1699
-0.4047,-0.2767,-0.6601,-0.6484833333333333,-0.4131,-0.4216,-0.1513
-0.4086,-0.2832,-0.6656,-0.6545,-0.4237,-0.4315,-0.1624
-0.3986,-0.2756,-0.6662,-0.6498,-0.421,-0.4221,-0.1657
-0.4301,-0.3036,-0.66795,-0.6581666666666667,-0.4435,-0.4474,-0.1708
-0.4326,-0.3018,-0.66215,-0.65545,-0.4521,-0.4509,-0.1582
-0.3922,-0.2735,-0.65745,-0.648,-0.4179,-0.4247,-0.1444
-0.395,-0.2649,-0.6628,-0.649,-0.4059,-0.4152,-0.148
-0.4291,-0.2963,-0.673,-0.6615833333333333,-0.4479,-0.4483,-0.1852
-0.4166,-0.2877,-0.6646,-0.6536333333333333,-0.4311,-0.4378,-0.1675
-0.4151,-0.2891,-0.6675,-0.65565,-0.432,-0.4358,-0.1741
-0.3845,-0.2607,-0.6598,-0.64655,-0.399,-0.4001,-0.1387
-0.3987,-0.2722,-0.663,-0.6501333333333333,-0.4172,-0.4268,-0.1525
-0.4079,-0.2875,-0.666,-0.6552333333333333,-0.4263,-0.4293,-0.166
-0.418,-0.2934,-0.66405,-0.6560166666666667,-0.4386,-0.4427,-0.169
-0.3993,-0.2784,-0.66805,-0.6514333333333333,-0.4216,-0.4258,-0.1699
-0.3837,-0.2624,-0.66525,-0.6495,-0.4032,-0.414,-0.1561
-0.4199,-0.2898,-0.6684,-0.6570166666666667,-0.4367,-0.4384,-0.1714
-0.4169,-0.2873,-0.66945,-0.6554833333333333,-0.4343,-0.4354,-0.1708
-0.4087,-0.2873,-0.67195,-0.6569333333333334,-0.4258,-0.4303,-0.1795
-0.4176,-0.298,-0.6647,-0.6530166666666667,-0.4376,-0.4388,-0.1699
-0.3922,-0.291,-0.6506,-0.6432,-0.4055,-0.4215,-0.1363
-0.4287,-0.3035,-0.66785,-0.6562833333333333,-0.4457,-0.452,-0.1822
-0.4116,-0.2798,-0.66565,-0.6504166666666666,-0.4267,-0.4254,-0.1672
-0.4133,-0.2937,-0.6636,-0.6514166666666666,-0.4424,-0.4413,-0.1636
-0.4058,-0.2895,-0.65715,-0.6489833333333334,-0.421,-0.4294,-0.1459
-0.3924,-0.2598,-0.6595,-0.6475666666666666,-0.4046,-0.409,-0.1444
-0.4423,-0.3103,-0.66685,-0.65595,-0.4568,-0.4539,-0.1798
-0.4025,-0.2802,-0.66125,-0.6496333333333333,-0.4198,-0.4238,-0.157
-0.4038,-0.2787,-0.6717,-0.657,-0.4233,-0.427,-0.1756
-0.4054,-0.2794,-0.66435,-0.6537166666666666,-0.4205,-0.4246,-0.1576
-0.4173,-0.2962,-0.66895,-0.6566166666666666,-0.4375,-0.4431,-0.1738
-0.4167,-0.2936,-0.66785,-0.6548,-0.4348,-0.4413,-0.1762
-0.406,-0.2783,-0.66765,-0.6555,-0.4268,-0.4272,-0.1753
-0.3828,-0.271,-0.6579,-0.6449833333333334,-0.398,-0.4076,-0.1435
-0.4137,-0.2872,-0.6616,-0.6518333333333334,-0.4355,-0.4355,-0.1633
-0.4012,-0.2744,-0.6591,-0.6478,-0.4247,-0.419,-0.1498
-0.4064,-0.2818,-0.6664,-0.6526166666666666,-0.4228,-0.428,-0.1711
-0.4331,-0.3164,-0.6681,-0.6581,-0.4559,-0.4585,-0.175
-0.3986,-0.2756,-0.65685,-0.6473833333333333,-0.4122,-0.4199,-0.1534
-0.4092,-0.2814,-0.6642,-0.6533,-0.4299,-0.4293,-0.1606
-0.3909,-0.2695,-0.6557,-0.6450833333333333,-0.4057,-0.415,-0.1417
-0.392,-0.2722,-0.6564,-0.64555,-0.4029,-0.4171,-0.1447
-0.3759,-0.2546,-0.65365,-0.64015,-0.3868,-0.3934,-0.1303
-0.4217,-0.3002,-0.6673,-0.65285,-0.4397,-0.4421,-0.1747
-0.4018,-0.2658,-0.6657,-0.6531,-0.417,-0.4136,-0.1681
-0.4046,-0.2758,-0.661,-0.651,-0.4278,-0.4258,-0.1612
-0.4144,-0.2986,-0.6682,-0.6557833333333334,-0.4358,-0.4441,-0.1696
-0.3912,-0.2735,-0.65925,-0.6478833333333334,-0.4129,-0.4172,-0.1474
-0.3872,-0.2711,-0.65665,-0.6455333333333333,-0.3911,-0.4141,-0.1447
-0.4045,-0.2676,-0.6669,-0.6540833333333333,-0.4274,-0.4256,-0.169
-0.3862,-0.2682,-0.65115,-0.6426,-0.4027,-0.4062,-0.1333
-0.4086,-0.2964,-0.6631,-0.6520333333333334,-0.4289,-0.4374,-0.1651
-0.4252,-0.2989,-0.67015,-0.6585833333333333,-0.4403,-0.445,-0.1819
-0.3934,-0.2639,-0.6656,-0.65015,-0.4057,-0.4159,-0.1597
-0.4022,-0.2715,-0.66055,-0.6481333333333333,-0.4217,-0.4171,-0.1477
-0.3988,-0.2616,-0.6104,-0.6543833333333333,-0.4173,-0.4126,-0.1573
-0.4028,-0.272,-0.6628,-0.6504166666666666,-0.4167,-0.418,-0.1486
-0.3981,-0.2577,-0.65595,-0.6438333333333334,-0.4096,-0.4072,-0.1324
-0.375,-0.2421,-0.6565,-0.6423833333333333,-0.3798,-0.3836,-0.1261
-0.4167,-0.2862,-0.65995,-0.6527833333333334,-0.4309,-0.4345,-0.1594
-0.4102,-0.2866,-0.6652,-0.6500166666666667,-0.4252,-0.4306,-0.1675
-0.4093,-0.2836,-0.6675,-0.6533166666666667,-0.4231,-0.4305,-0.1555
-0.3893,-0.2724,-0.65065,-0.6419166666666667,-0.3977,-0.4124,-0.1309
-0.393,-0.2656,-0.65865,-0.6485833333333333,-0.4105,-0.4165,-0.1468
-0.4031,-0.2854,-0.6677,-0.6528166666666667,-0.4268,-0.4273,-0.1744
-0.4003,-0.2702,-0.65365,-0.6449166666666667,-0.416,-0.4207,-0.1384
-0.3911,-0.2735,-0.65535,-0.64595,-0.4071,-0.4116,-0.1468
-0.4033,-0.2866,-0.6656,-0.65155,-0.4256,-0.4324,-0.1627
-0.4157,-0.2961,-0.6701,-0.6571,-0.4382,-0.4409,-0.1789
-0.4235,-0.2951,-0.66895,-0.65835,-0.448,-0.4452,-0.175
-0.4059,-0.2797,-0.6585,-0.6493166666666667,-0.4285,-0.4302,-0.1531
-0.398,-0.2754,-0.6625,-0.6505166666666666,-0.4218,-0.4166,-0.1531
-0.4128,-0.2829,-0.6658,-0.6529833333333334,-0.4333,-0.4315,-0.1654
-0.4007,-0.2807,-0.6598,-0.6486333333333333,-0.4183,-0.4237,-0.1444
-0.3873,-0.2613,-0.65685,-0.6463333333333333,-0.4032,-0.4113,-0.1459
-0.4175,-0.2887,-0.6648,-0.6549,-0.4368,-0.437,-0.1669
-0.3997,-0.275,-0.6624,-0.6502,-0.4141,-0.4177,-0.1534
-0.4106,-0.2857,-0.6608,-0.6506833333333333,-0.4268,-0.4333,-0.169
-0.4157,-0.2882,-0.6626,-0.6502166666666667,-0.4308,-0.4316,-0.1636
-0.413,-0.2956,-0.6671,-0.6518166666666667,-0.4316,-0.4354,-0.1678
-0.4049,-0.2817,-0.66405,-0.6525833333333333,-0.4283,-0.4379,-0.1579
-0.423,-0.2983,-0.6648,-0.6543833333333333,-0.4391,-0.4396,-0.1729
-0.3916,-0.2747,-0.6669,-0.6517,-0.4081,-0.4194,-0.1606
-0.4066,-0.2793,-0.65625,-0.6480666666666667,-0.4203,-0.4267,-0.142
-0.3892,-0.2491,-0.5969,-0.6443333333333333,-0.397,-0.3995,-0.1414
-0.3969,-0.2657,-0.66575,-0.6519333333333334,-0.4116,-0.4153,-0.1591
-0.4157,-0.2817,-0.6131,-0.65495,-0.4321,-0.4323,-0.1738
-0.4276,-0.3106,-0.6623,-0.6542166666666667,-0.4441,-0.452,-0.1696
-0.3823,-0.2553,-0.65175,-0.6403833333333333,-0.3917,-0.3945,-0.1297
-0.4274,-0.2967,-0.6771,-0.6623333333333333,-0.4417,-0.4447,-0.19
-0.3893,-0.2617,-0.6,-0.64615,-0.4064,-0.4065,-0.1516
-0.4018,-0.2744,-0.65885,-0.6475,-0.4147,-0.4185,-0.142
-0.4024,-0.2755,-0.66115,-0.6487,-0.4178,-0.4207,-0.1573
-0.423,-0.2937,-0.6594,-0.6527666666666667,-0.4378,-0.4367,-0.1624
-0.3842,-0.2543,-0.65715,-0.6453666666666666,-0.3997,-0.4081,-0.13
-0.3943,-0.2672,-0.66265,-0.64845,-0.4032,-0.4092,-0.1471
-0.4182,-0.2935,-0.6668,-0.6552333333333333,-0.4483,-0.4446,-0.1738
-0.4004,-0.289,-0.6653,-0.6535833333333333,-0.4218,-0.4313,-0.1606
-0.4108,-0.2779,-0.6704,-0.6584666666666666,-0.4175,-0.4262,-0.1684
-0.4042,-0.2669,-0.662,-0.6492,-0.4158,-0.4198,-0.1609
-0.4018,-0.2778,-0.657,-0.6469,-0.4142,-0.4214,-0.154
-0.4035,-0.2765,-0.65375,-0.6455,-0.4228,-0.4222,-0.1429
-0.427,-0.3061,-0.66665,-0.6563833333333333,-0.4469,-0.452,-0.1759
-0.3902,-0.2647,-0.656,-0.6436,-0.4074,-0.4097,-0.1372
-0.4151,-0.2909,-0.66035,-0.6527,-0.4364,-0.4359,-0.1534
-0.3872,-0.2651,-0.6595,-0.6470833333333333,-0.3952,-0.4029,-0.1525
-0.404,-0.2787,-0.6646,-0.65335,-0.4267,-0.43,-0.1621
-0.4167,-0.2909,-0.6112,-0.6562666666666667,-0.4345,-0.4412,-0.1753
-0.3728,-0.2482,-0.65405,-0.63985,-0.3847,-0.3846,-0.1279
-0.4257,-0.3009,-0.664,-0.6545166666666666,-0.4359,-0.4409,-0.169
-0.4138,-0.2953,-0.6595,-0.6509333333333334,-0.431,-0.4345,-0.1453
-0.4093,-0.2904,-0.659,-0.6485833333333333,-0.4287,-0.4327,-0.1546
-0.4138,-0.278,-0.66105,-0.65105,-0.4224,-0.4242,-0.148
-0.4309,-0.3015,-0.67145,-0.6584833333333333,-0.4436,-0.4471,-0.1771
-0.3967,-0.2739,-0.65835,-0.6480833333333333,-0.4139,-0.4214,-0.1543
-0.3995,-0.2742,-0.65785,-0.6475333333333333,-0.4094,-0.4134,-0.145
-0.3981,-0.2679,-0.6086,-0.65225,-0.4064,-0.4125,-0.1615
-0.3902,-0.2707,-0.6556,-0.6447166666666667,-0.408,-0.4121,-0.1417
-0.4064,-0.286,-0.6654,-0.6526333333333333,-0.4275,-0.4286,-0.1798
-0.3893,-0.2681,-0.6641,-0.6486833333333333,-0.4068,-0.4123,-0.1534
-0.3996,-0.277,-0.65845,-0.6475,-0.4228,-0.4211,-0.1459
-0.3911,-0.252,-0.6638,-0.6477,-0.4016,-0.3996,-0.1429
-0.4101,-0.2857,-0.6608,-0.6510666666666667,-0.4303,-0.4334,-0.1531
-0.4006,-0.2706,-0.66395,-0.65075,-0.4171,-0.4203,-0.1582
-0.4346,-0.3016,-0.61905,-0.6606833333333333,-0.4535,-0.4556,-0.1912
-0.4069,-0.2874,-0.6608,-0.6499666666666667,-0.423,-0.4273,-0.1549
-0.4191,-0.294,-0.66155,-0.654,-0.4352,-0.4344,-0.163
-0.3984,-0.2786,-0.609,-0.6518333333333334,-0.4279,-0.4271,-0.1531
-0.4073,-0.2706,-0.66255,-0.6515,-0.4141,-0.4178,-0.151
-0.4088,-0.284,-0.66635,-0.6522833333333333,-0.4259,-0.4264,-0.1645
-0.3854,-0.2583,-0.6526,-0.6432833333333333,-0.399,-0.4006,-0.1234
-0.4079,-0.2908,-0.62155,-0.6594333333333333,-0.4316,-0.4367,-0.193
-0.4302,-0.3095,-0.6635,-0.6566166666666666,-0.4453,-0.446,-0.1696
-0.3993,-0.2804,-0.65905,-0.6493,-0.4187,-0.4265,-0.1534
-0.3918,-0.2661,-0.6586,-0.6471333333333333,-0.4092,-0.4195,-0.1462
-0.4198,-0.3005,-0.66625,-0.6560666666666667,-0.4503,-0.4492,-0.1699
-0.3934,-0.2697,-0.6552,-0.6467666666666667,-0.4078,-0.4123,-0.1387
-0.4198,-0.2965,-0.6721,-0.6575833333333333,-0.443,-0.4441,-0.1867
-0.3986,-0.2795,-0.65905,-0.6459833333333334,-0.4176,-0.4229,-0.1549
-0.425,-0.3096,-0.66685,-0.65625,-0.4468,-0.4485,-0.1717
-0.3922,-0.2764,-0.65245,-0.64285,-0.4076,-0.4171,-0.1282
-0.3971,-0.2727,-0.66365,-0.6489166666666667,-0.4168,-0.4246,-0.1588
-0.424,-0.3024,-0.6651,-0.6561833333333333,-0.4443,-0.4475,-0.1603
-0.4071,-0.297,-0.66375,-0.65255,-0.4352,-0.4414,-0.1636
-0.429,-0.2984,-0.66745,-0.6562333333333333,-0.4496,-0.4476,-0.172
-0.4034,-0.2812,-0.6522,-0.6439,-0.4173,-0.4173,-0.1297
-0.4045,-0.2775,-0.667,-0.65315,-0.4168,-0.422,-0.166
-0.4076,-0.2793,-0.66295,-0.6546166666666666,-0.4255,-0.4264,-0.1615
-0.3897,-0.2628,-0.6674,-0.6516333333333333,-0.4013,-0.4053,-0.1663
-0.407,-0.2746,-0.6633,-0.6486666666666666,-0.4144,-0.4175,-0.1537
-0.394,-0.2723,-0.6537,-0.64515,-0.4125,-0.4195,-0.1438
-0.3787,-0.2582,-0.65235,-0.6406166666666666,-0.3882,-0.3947,-0.1342
-0.4177,-0.2847,-0.6584,-0.6489333333333334,-0.4334,-0.43,-0.1552
-0.3615,-0.2316,-0.65275,-0.6401,-0.3706,-0.3771,-0.1204
-0.4142,-0.2896,-0.66685,-0.6555833333333333,-0.4327,-0.4338,-0.1714
-0.3895,-0.268,-0.65465,-0.6441,-0.4006,-0.4052,-0.142
-0.3731,-0.2528,-0.65735,-0.6421333333333333,-0.3904,-0.3996,-0.1369
-0.4131,-0.286,-0.65895,-0.6508833333333334,-0.4313,-0.4347,-0.1621
-0.3792,-0.2551,-0.65565,-0.6423666666666666,-0.394,-0.4006,-0.1309
-0.3962,-0.2799,-0.65805,-0.6483166666666667,-0.4128,-0.4188,-0.1411
-0.4112,-0.2952,-0.6653,-0.6547,-0.4337,-0.438,-0.1714
-0.3833,-0.2653,-0.65865,-0.6446833333333334,-0.3989,-0.4092,-0.1387
-0.3932,-0.2743,-0.6596,-0.6480833333333333,-0.4054,-0.4195,-0.1483
-0.377,-0.2641,-0.66105,-0.6480666666666667,-0.3885,-0.4049,-0.1435
-0.3892,-0.2693,-0.65545,-0.645,-0.4046,-0.4091,-0.1354
-0.3816,-0.2495,-0.65785,-0.6453333333333333,-0.3959,-0.3971,-0.1345
-0.4045,-0.2838,-0.66375,-0.6521333333333333,-0.4167,-0.4238,-0.1636
-0.413,-0.2857,-0.65995,-0.6521666666666667,-0.43,-0.4276,-0.1618
-0.4037,-0.2732,-0.66545,-0.65215,-0.424,-0.4219,-0.157
-0.3976,-0.2832,-0.6613,-0.6489166666666667,-0.4113,-0.4252,-0.1531
-0.374,-0.2505,-0.65595,-0.6445666666666666,-0.3886,-0.3963,-0.1279
-0.3764,-0.2632,-0.6547,-0.6420833333333333,-0.3955,-0.402,-0.1321
-0.4299,-0.2949,-0.6647,-0.6580833333333334,-0.4468,-0.4475,-0.1708
-0.397,-0.2655,-0.66815,-0.6523666666666667,-0.4196,-0.4211,-0.1642
-0.3848,-0.2667,-0.6633,-0.6501166666666667,-0.4072,-0.4186,-0.1474
-0.3962,-0.26,-0.6627,-0.6507333333333334,-0.4015,-0.4021,-0.1591
-0.4104,-0.283,-0.66145,-0.6539333333333334,-0.4309,-0.4337,-0.1585
-0.4064,-0.2757,-0.66435,-0.6526333333333333,-0.4262,-0.4257,-0.1669
-0.3937,-0.271,-0.65745,-0.6469666666666667,-0.4084,-0.4183,-0.1471
-0.4051,-0.2882,-0.654,-0.64435,-0.4223,-0.4257,-0.1414
-0.4,-0.2843,-0.66335,-0.6500166666666667,-0.42,-0.4253,-0.154
-0.3912,-0.2611,-0.65765,-0.6453833333333333,-0.4084,-0.4067,-0.1477
-0.369,-0.2424,-0.65855,-0.64605,-0.3817,-0.3879,-0.1423
-0.4089,-0.2789,-0.66285,-0.6530333333333334,-0.4284,-0.4318,-0.1639
-0.4165,-0.2948,-0.6697,-0.6557166666666666,-0.4471,-0.4442,-0.1705
-0.4012,-0.2756,-0.6672,-0.65285,-0.423,-0.4221,-0.1645
-0.4245,-0.2968,-0.66725,-0.6538666666666667,-0.435,-0.4349,-0.1741
-0.4259,-0.2942,-0.6677,-0.6563666666666667,-0.4458,-0.4446,-0.1657
-0.3789,-0.2507,-0.6542,-0.6404666666666666,-0.3892,-0.3941,-0.1321
-0.3968,-0.2715,-0.65625,-0.6494,-0.4187,-0.4182,-0.1417
-0.3943,-0.2807,-0.6577,-0.6457,-0.4097,-0.4197,-0.1489
-0.3928,-0.2546,-0.658,-0.6465666666666666,-0.4004,-0.4001,-0.1408
-0.4052,-0.2776,-0.66395,-0.6512333333333333,-0.4232,-0.4222,-0.1558
-0.4222,-0.298,-0.65965,-0.6525,-0.4417,-0.4444,-0.1582
-0.4018,-0.2687,-0.6629,-0.6528666666666667,-0.4109,-0.4165,-0.1576
-0.4366,-0.3161,-0.66945,-0.6589666666666667,-0.4517,-0.4601,-0.1852
-0.4161,-0.2978,-0.66725,-0.65465,-0.4323,-0.44,-0.1759
-0.4017,-0.2763,-0.6593,-0.6490333333333334,-0.4157,-0.4248,-0.1528
-0.3962,-0.2691,-0.65635,-0.6481166666666667,-0.4134,-0.4188,-0.1426
-0.3924,-0.2701,-0.66335,-0.6483666666666666,-0.4128,-0.419,-0.1492
-0.411,-0.276,-0.6558,-0.64745,-0.4278,-0.4232,-0.1417
-0.4065,-0.2813,-0.66785,-0.6556,-0.4298,-0.4323,-0.1666
-0.3924,-0.2602,-0.6596,-0.64765,-0.4062,-0.4077,-0.1426
-0.4319,-0.3096,-0.66845,-0.6589333333333334,-0.4495,-0.4516,-0.1876
-0.4003,-0.2862,-0.658,-0.6490333333333334,-0.4162,-0.4246,-0.1525
-0.4027,-0.2746,-0.6547,-0.6465666666666666,-0.4166,-0.4164,-0.1438
-0.409,-0.2927,-0.65965,-0.6508833333333334,-0.4296,-0.4352,-0.1567
-0.3907,-0.262,-0.65745,-0.6472,-0.4019,-0.408,-0.1348
-0.4018,-0.2878,-0.66625,-0.653,-0.4286,-0.4383,-0.1675
-0.3871,-0.2564,-0.66425,-0.6499333333333334,-0.4012,-0.4052,-0.1462
-0.3915,-0.2698,-0.66095,-0.6494166666666666,-0.4054,-0.4132,-0.1492
-0.4111,-0.29,-0.6626,-0.6525,-0.4329,-0.4347,-0.1594
-0.4296,-0.3038,-0.6704,-0.6591833333333333,-0.4419,-0.4454,-0.1918
-0.4074,-0.2832,-0.65765,-0.6502333333333333,-0.4261,-0.4307,-0.1543
-0.4076,-0.2817,-0.6599,-0.6511166666666667,-0.4229,-0.4259,-0.1534
-0.4041,-0.2757,-0.66155,-0.6502833333333333,-0.4217,-0.4254,-0.1576
-0.4161,-0.2969,-0.66195,-0.6527333333333334,-0.4311,-0.4412,-0.1654
-0.4029,-0.2704,-0.65675,-0.6495166666666666,-0.4155,-0.4216,-0.1495
-0.4008,-0.275,-0.66035,-0.6493,-0.4172,-0.4196,-0.1456
-0.4133,-0.2837,-0.66945,-0.6567666666666667,-0.4344,-0.4335,-0.1738
-0.427,-0.3002,-0.66685,-0.6555666666666666,-0.4472,-0.448,-0.1675
-0.4036,-0.2803,-0.65825,-0.6482166666666667,-0.425,-0.426,-0.1492
-0.4334,-0.3092,-0.6695,-0.6584833333333333,-0.4547,-0.4529,-0.1831
-0.3955,-0.2662,-0.6629,-0.6497333333333334,-0.4108,-0.4163,-0.1492
-0.387,-0.2692,-0.65145,-0.64215,-0.4009,-0.4124,-0.1345
-0.3906,-0.2643,-0.6545,-0.6437666666666667,-0.4031,-0.4056,-0.1339
-0.391,-0.262,-0.65625,-0.64545,-0.4055,-0.4116,-0.1438
-0.4163,-0.2969,-0.66145,-0.6509166666666667,-0.4375,-0.4375,-0.1531
-0.4143,-0.2907,-0.6719,-0.6570833333333334,-0.4373,-0.4395,-0.1714
-0.3977,-0.2773,-0.66175,-0.6512333333333333,-0.4142,-0.4221,-0.1585
-0.4038,-0.2772,-0.65945,-0.6494833333333333,-0.4151,-0.4209,-0.1576
-0.3888,-0.2638,-0.6655,-0.6487166666666667,-0.4015,-0.407,-0.1519
-0.4171,-0.2834,-0.67195,-0.6565,-0.4367,-0.4332,-0.1861
-0.4116,-0.2823,-0.6666,-0.6511833333333333,-0.4249,-0.428,-0.1663
-0.4106,-0.2867,-0.6607,-0.65115,-0.4272,-0.4313,-0.1531
-0.3894,-0.2591,-0.66395,-0.6505166666666666,-0.4011,-0.4066,-0.1498
-0.4076,-0.2981,-0.66605,-0.6524833333333333,-0.4402,-0.4451,-0.1714
-0.4039,-0.2716,-0.6613,-0.6495666666666666,-0.424,-0.42,-0.1483
-0.4134,-0.2868,-0.6692,-0.6548333333333334,-0.4327,-0.4355,-0.1729
-0.4186,-0.2887,-0.6704,-0.6551833333333333,-0.4318,-0.4337,-0.1714
-0.4021,-0.28,-0.66165,-0.6484666666666666,-0.4225,-0.425,-0.154
-0.3926,-0.2693,-0.66455,-0.6497833333333334,-0.4196,-0.418,-0.1504
-0.374,-0.242,-0.6555,-0.64065,-0.3834,-0.3862,-0.1276
-0.3754,-0.2404,-0.66055,-0.6456,-0.389,-0.3885,-0.1411
-0.3927,-0.2643,-0.65955,-0.6468,-0.412,-0.4063,-0.148
-0.3807,-0.2612,-0.65725,-0.6469166666666667,-0.3927,-0.4023,-0.1333
-0.4009,-0.2802,-0.6618,-0.6523333333333333,-0.4217,-0.4279,-0.1558
-0.3854,-0.2587,-0.6552,-0.6448833333333334,-0.4032,-0.4068,-0.1366
-0.4071,-0.2782,-0.6707,-0.65515,-0.4236,-0.4263,-0.1666
-0.4056,-0.2894,-0.65945,-0.6488833333333334,-0.4202,-0.429,-0.1501
-0.3975,-0.2802,-0.66295,-0.64965,-0.4164,-0.4259,-0.1531
-0.4199,-0.2806,-0.6708,-0.6585,-0.4381,-0.4385,-0.1735
-0.4144,-0.2861,-0.6574,-0.6501666666666667,-0.4272,-0.4303,-0.1399
-0.4162,-0.2817,-0.67015,-0.6586666666666666,-0.4273,-0.435,-0.1828
-0.404,-0.2723,-0.666,-0.6540833333333333,-0.414,-0.42,-0.1636
-0.4131,-0.2932,-0.6641,-0.6529333333333334,-0.4356,-0.437,-0.1645
-0.4029,-0.2695,-0.66145,-0.6487,-0.4226,-0.4195,-0.1408
-0.3953,-0.2787,-0.65955,-0.6477166666666667,-0.4061,-0.4236,-0.1543
-0.4176,-0.2807,-0.6662,-0.6538333333333334,-0.4382,-0.4294,-0.1597
-0.4052,-0.2797,-0.65485,-0.6460166666666667,-0.4191,-0.4191,-0.1486
-0.3847,-0.2623,-0.65845,-0.6468,-0.3978,-0.4062,-0.1432
-0.404,-0.2805,-0.66555,-0.65255,-0.4272,-0.4267,-0.1648
-0.403,-0.268,-0.66055,-0.6488,-0.4144,-0.4159,-0.1516
-0.4267,-0.2982,-0.6655,-0.65505,-0.4498,-0.4472,-0.1771
-0.4056,-0.2829,-0.66475,-0.6547,-0.4198,-0.4279,-0.1714
-0.3886,-0.2742,-0.65225,-0.6430666666666667,-0.4075,-0.4163,-0.1273
-0.3898,-0.266,-0.6637,-0.6499,-0.4146,-0.4094,-0.1534
-0.3784,-0.2445,-0.64995,-0.6414,-0.3879,-0.3945,-0.1234
-0.4005,-0.2646,-0.6592,-0.6494,-0.4106,-0.4167,-0.1522
-0.4194,-0.3049,-0.6605,-0.6510666666666667,-0.4467,-0.4507,-0.1642
-0.4188,-0.2958,-0.5608,-0.6619666666666667,-0.4418,-0.4449,-0.1864
-0.3942,-0.263,-0.6601,-0.6458166666666667,-0.4128,-0.409,-0.1384
-0.4128,-0.2748,-0.66475,-0.6558833333333334,-0.426,-0.4271,-0.1636
-0.4055,-0.2867,-0.66195,-0.6485666666666666,-0.4247,-0.4255,-0.1585
-0.3871,-0.2605,-0.6541,-0.64485,-0.4024,-0.4083,-0.136
-0.3945,-0.2649,-0.66055,-0.6483,-0.4077,-0.4163,-0.1498
-0.3825,-0.2554,-0.6646,-0.6499666666666667,-0.3907,-0.3979,-0.1477
-0.411,-0.2811,-0.6614,-0.6496833333333333,-0.4242,-0.4275,-0.1591
-0.4095,-0.28,-0.6638,-0.6518833333333334,-0.4236,-0.4261,-0.1531
-0.4257,-0.3004,-0.67295,-0.65985,-0.4443,-0.447,-0.1843
-0.405,-0.2813,-0.6546,-0.64745,-0.4205,-0.4242,-0.1465
-0.4009,-0.2797,-0.6632,-0.6487,-0.4196,-0.4242,-0.1543
-0.3846,-0.2581,-0.655,-0.6429666666666667,-0.3965,-0.4035,-0.1258
-0.3758,-0.2401,-0.65295,-0.6427666666666667,-0.3871,-0.3877,-0.1273
-0.4005,-0.281,-0.65775,-0.64895,-0.4193,-0.4206,-0.1474
-0.4101,-0.2836,-0.66565,-0.6535666666666666,-0.4332,-0.4306,-0.1732
-0.4044,-0.2707,-0.6657,-0.6508333333333334,-0.4237,-0.4232,-0.1636
-0.402,-0.2764,-0.6558,-0.6469333333333334,-0.4165,-0.4175,-0.1504
-0.4045,-0.2793,-0.6616,-0.6528333333333334,-0.4316,-0.4308,-0.1507
-0.4147,-0.2832,-0.6613,-0.6499,-0.4268,-0.4295,-0.1612
-0.4173,-0.2946,-0.65965,-0.6532666666666667,-0.4296,-0.4381,-0.1633
-0.4346,-0.2999,-0.6741,-0.6619833333333334,-0.4532,-0.4532,-0.1951
-0.4119,-0.293,-0.67235,-0.65925,-0.4352,-0.4452,-0.1849
-0.3994,-0.283,-0.6563,-0.6479,-0.4229,-0.4249,-0.1489
-0.3973,-0.2755,-0.65795,-0.6468166666666667,-0.4136,-0.4223,-0.145
-0.4152,-0.2869,-0.65975,-0.6496833333333333,-0.4256,-0.4264,-0.1648
-0.42,-0.2942,-0.6599,-0.65135,-0.4368,-0.4372,-0.1642
-0.3933,-0.2658,-0.6566,-0.6465833333333333,-0.4115,-0.4093,-0.1384
-0.4099,-0.2796,-0.6618,-0.6521833333333333,-0.4235,-0.4283,-0.1504
-0.3971,-0.2666,-0.66805,-0.6525833333333333,-0.4054,-0.4138,-0.1657
-0.4132,-0.2772,-0.6633,-0.6514166666666666,-0.4298,-0.4281,-0.1558
-0.4288,-0.2873,-0.67015,-0.6565,-0.4453,-0.437,-0.172
-0.4165,-0.2961,-0.6748,-0.65965,-0.4395,-0.4478,-0.1813
-0.4097,-0.2931,-0.6644,-0.6513666666666666,-0.4333,-0.4385,-0.1648
-0.4015,-0.2876,-0.6643,-0.65135,-0.4247,-0.4332,-0.1585
-0.3933,-0.2701,-0.65545,-0.64645,-0.4096,-0.4146,-0.1381
-0.4271,-0.307,-0.6723,-0.6589666666666667,-0.4538,-0.4546,-0.1843
-0.4088,-0.2898,-0.65625,-0.64975,-0.423,-0.4276,-0.1423
-0.3903,-0.2669,-0.66135,-0.6481,-0.4094,-0.4121,-0.1522
-0.4056,-0.2717,-0.6648,-0.65305,-0.4152,-0.4224,-0.1639
-0.3799,-0.2567,-0.6578,-0.6442333333333333,-0.3934,-0.4012,-0.1396
-0.3838,-0.2627,-0.66025,-0.64635,-0.4018,-0.4073,-0.1429
-0.3978,-0.2657,-0.66325,-0.6498333333333334,-0.4136,-0.4145,-0.1477
-0.403,-0.2796,-0.65825,-0.64695,-0.4183,-0.4207,-0.1501
-0.4346,-0.3161,-0.6758,-0.6632833333333333,-0.4614,-0.461,-0.1969
-0.3925,-0.2624,-0.6611,-0.6480166666666667,-0.401,-0.4069,-0.1441
-0.38,-0.2526,-0.6589,-0.6454333333333333,-0.3955,-0.3976,-0.1435
-0.4059,-0.2788,-0.66205,-0.6509666666666667,-0.4151,-0.4202,-0.1609
-0.3909,-0.266,-0.6617,-0.6486833333333333,-0.4049,-0.416,-0.142
-0.4124,-0.2722,-0.6692,-0.6554,-0.4218,-0.4241,-0.16
-0.439,-0.3051,-0.6793,-0.6634,-0.4628,-0.4627,-0.199
-0.4151,-0.2936,-0.67225,-0.6580833333333334,-0.4394,-0.4396,-0.1813
-0.3875,-0.253,-0.6535,-0.6444333333333333,-0.4003,-0.3957,-0.1369
-0.4253,-0.298,-0.6684,-0.6536833333333333,-0.4402,-0.4367,-0.1711
-0.4028,-0.2757,-0.65865,-0.6489166666666667,-0.4185,-0.4192,-0.1441
-0.3896,-0.2628,-0.66255,-0.6483333333333333,-0.4017,-0.408,-0.1417
-0.4127,-0.2886,-0.66385,-0.6543166666666667,-0.4377,-0.438,-0.1702
-0.3811,-0.2431,-0.6541,-0.64385,-0.396,-0.3953,-0.1165
-0.3806,-0.2539,-0.65905,-0.6461333333333333,-0.4026,-0.4008,-0.1486
-0.3948,-0.2782,-0.66575,-0.6500166666666667,-0.4147,-0.4207,-0.1537
-0.4047,-0.2796,-0.65995,-0.6511,-0.4238,-0.4279,-0.1444
-0.4054,-0.282,-0.65885,-0.6482166666666667,-0.4176,-0.4246,-0.1534
-0.3847,-0.2583,-0.6553,-0.64605,-0.4018,-0.4067,-0.1498
-0.3901,-0.2589,-0.66115,-0.6486833333333333,-0.4022,-0.4119,-0.1447
-0.408,-0.2798,-0.65765,-0.6485666666666666,-0.4204,-0.4236,-0.1495
-0.3932,-0.2672,-0.65615,-0.64735,-0.4138,-0.4153,-0.1426
-0.4226,-0.304,-0.65445,-0.6507,-0.4461,-0.447,-0.1504
-0.3746,-0.2574,-0.6551,-0.6428166666666667,-0.3835,-0.3952,-0.1372
-0.4077,-0.2749,-0.65575,-0.6480166666666667,-0.4161,-0.4203,-0.1441
-0.4129,-0.2929,-0.66615,-0.6527166666666666,-0.4272,-0.4352,-0.1765
-0.4036,-0.2747,-0.66585,-0.6516833333333333,-0.4197,-0.4209,-0.1546
-0.3979,-0.2758,-0.6624,-0.65015,-0.4073,-0.4166,-0.1516
-0.4112,-0.2872,-0.6666,-0.6533166666666667,-0.4272,-0.4325,-0.1651
-0.3853,-0.2581,-0.65445,-0.6431333333333333,-0.3957,-0.4034,-0.1345
-0.4051,-0.2902,-0.65625,-0.6453166666666666,-0.4304,-0.4333,-0.1456
-0.416,-0.2976,-0.66615,-0.65415,-0.4308,-0.4359,-0.1777
-0.413,-0.2815,-0.6548,-0.6476166666666666,-0.4277,-0.4278,-0.148
-0.3936,-0.2696,-0.66345,-0.6476666666666666,-0.4111,-0.4115,-0.1585
-0.4193,-0.2994,-0.67135,-0.6581,-0.4456,-0.4501,-0.1762
-0.4287,-0.3108,-0.6628,-0.6521166666666667,-0.4483,-0.4488,-0.1708
-0.3952,-0.2778,-0.6583,-0.6459333333333334,-0.413,-0.4174,-0.1519
-0.4156,-0.2814,-0.66965,-0.65685,-0.4311,-0.4345,-0.1705
-0.398,-0.2788,-0.6636,-0.6505333333333333,-0.4162,-0.419,-0.1531
-0.3899,-0.2597,-0.66195,-0.6502833333333333,-0.4076,-0.4088,-0.145
-0.4038,-0.2742,-0.66725,-0.65355,-0.4254,-0.4237,-0.163
-0.403,-0.2692,-0.6609,-0.6529833333333334,-0.4195,-0.4211,-0.1435
-0.3905,-0.2692,-0.65665,-0.6459,-0.4037,-0.4128,-0.1468
-0.3991,-0.2822,-0.6643,-0.6503666666666666,-0.4157,-0.4275,-0.1531
-0.4096,-0.286,-0.6574,-0.6493666666666666,-0.4243,-0.4325,-0.1498
-0.4206,-0.2975,-0.65935,-0.6479833333333334,-0.4357,-0.4392,-0.1528
-0.3724,-0.2355,-0.6525,-0.6405833333333333,-0.384,-0.3839,-0.1303
-0.4023,-0.2684,-0.662,-0.6504166666666666,-0.4131,-0.4148,-0.1546
-0.4328,-0.3044,-0.6185,-0.6621333333333334,-0.4568,-0.4568,-0.196
-0.3955,-0.2705,-0.65785,-0.6469166666666667,-0.4154,-0.4221,-0.1477
-0.3956,-0.2718,-0.66715,-0.65185,-0.4181,-0.4224,-0.1672
-0.4154,-0.2914,-0.66755,-0.65675,-0.4388,-0.4409,-0.1711
-0.3821,-0.242,-0.654,-0.6418333333333334,-0.3947,-0.3905,-0.1195
-0.4328,-0.3122,-0.6687,-0.6589166666666667,-0.4529,-0.4576,-0.1825
-0.4248,-0.2936,-0.6681,-0.6566333333333333,-0.4447,-0.4457,-0.1696
-0.4168,-0.3006,-0.6626,-0.6539,-0.4415,-0.4406,-0.1684
-0.3836,-0.2604,-0.65145,-0.64255,-0.4017,-0.4027,-0.1288
-0.3963,-0.2681,-0.65815,-0.6479833333333334,-0.4075,-0.4164,-0.1435
-0.3797,-0.2504,-0.6581,-0.64145,-0.391,-0.3984,-0.1324
-0.3919,-0.2667,-0.6646,-0.6504,-0.4048,-0.412,-0.1579
-0.3976,-0.2714,-0.66155,-0.6507666666666667,-0.4181,-0.4197,-0.1501
-0.4235,-0.3086,-0.6716,-0.6586,-0.4523,-0.452,-0.1798
-0.4098,-0.2771,-0.6623,-0.6534,-0.425,-0.4255,-0.1582
-0.4312,-0.2998,-0.67455,-0.66205,-0.4498,-0.4486,-0.1873
-0.43,-0.301,-0.61305,-0.6609,-0.4526,-0.4523,-0.1792
-0.42,-0.2957,-0.66835,-0.6557833333333334,-0.4359,-0.4424,-0.1654
-0.4212,-0.2921,-0.6717,-0.6572,-0.4373,-0.4379,-0.1777
-0.4048,-0.277,-0.6663,-0.6527666666666667,-0.4148,-0.4201,-0.1597
-0.4178,-0.2933,-0.66635,-0.6550833333333334,-0.4387,-0.4411,-0.1651
-0.4011,-0.2737,-0.66005,-0.6479,-0.4169,-0.418,-0.1618
-0.4202,-0.2998,-0.66865,-0.6574666666666666,-0.4412,-0.4457,-0.1765
-0.3723,-0.2464,-0.65625,-0.6404333333333333,-0.3881,-0.3893,-0.13
-0.3915,-0.2724,-0.65955,-0.6445833333333333,-0.4018,-0.4122,-0.1453
-0.4171,-0.2934,-0.6667,-0.6546166666666666,-0.4344,-0.4437,-0.1678
-0.4033,-0.2724,-0.66155,-0.6489666666666667,-0.4241,-0.4233,-0.151
-0.3959,-0.2752,-0.65315,-0.6456,-0.4121,-0.4137,-0.133
-0.4091,-0.2848,-0.67095,-0.65635,-0.4329,-0.4304,-0.1747
-0.3865,-0.261,-0.6588,-0.64595,-0.4026,-0.4091,-0.1333
-0.4078,-0.2887,-0.66275,-0.6505,-0.4324,-0.4339,-0.1552
-0.4028,-0.2799,-0.67065,-0.6548333333333334,-0.4167,-0.4257,-0.1645
-0.408,-0.2764,-0.6091,-0.6549333333333334,-0.4279,-0.4307,-0.1636
-0.3888,-0.2581,-0.65935,-0.6451166666666667,-0.3994,-0.4037,-0.1489
-0.3857,-0.2585,-0.6585,-0.6463166666666667,-0.4092,-0.4067,-0.1429
-0.4314,-0.2974,-0.66885,-0.6596,-0.446,-0.448,-0.1852
-0.4087,-0.2731,-0.6684,-0.6547,-0.4238,-0.418,-0.1552
-0.4014,-0.2833,-0.66265,-0.64995,-0.418,-0.4255,-0.1537
-0.4032,-0.2816,-0.66335,-0.6493666666666666,-0.4205,-0.4278,-0.1564
-0.4216,-0.2969,-0.6667,-0.655,-0.4401,-0.442,-0.1744
-0.4122,-0.2907,-0.66485,-0.6536666666666666,-0.4327,-0.4349,-0.1663
-0.3911,-0.2699,-0.6595,-0.6467666666666667,-0.405,-0.417,-0.1456
-0.3942,-0.2571,-0.65695,-0.6487,-0.4068,-0.4029,-0.1375
-0.3876,-0.2606,-0.65925,-0.6456666666666667,-0.4048,-0.4052,-0.1474
-0.4014,-0.2775,-0.663,-0.6502,-0.4197,-0.4248,-0.1606
-0.4068,-0.2943,-0.65985,-0.6510166666666667,-0.4305,-0.4386,-0.1579
-0.3915,-0.2718,-0.6649,-0.6506666666666666,-0.4139,-0.4175,-0.1522
-0.422,-0.2921,-0.65975,-0.6519,-0.4381,-0.4393,-0.1558
-0.3955,-0.2664,-0.658,-0.6453166666666666,-0.4036,-0.4059,-0.1408
-0.3936,-0.2807,-0.65915,-0.6464833333333333,-0.4122,-0.4236,-0.1426
-0.421,-0.3001,-0.662,-0.6522333333333333,-0.4388,-0.443,-0.1609
-0.4198,-0.3006,-0.66975,-0.6576166666666666,-0.4427,-0.4455,-0.1765
-0.4416,-0.3144,-0.67035,-0.6598333333333334,-0.4605,-0.4618,-0.1903
-0.4217,-0.2985,-0.66185,-0.6513666666666666,-0.4416,-0.4457,-0.1591
-0.3878,-0.2599,-0.65195,-0.6417166666666667,-0.3969,-0.3989,-0.1345
-0.4115,-0.2827,-0.6575,-0.6513166666666667,-0.4269,-0.4323,-0.1534
-0.4085,-0.2863,-0.6704,-0.65595,-0.4281,-0.4371,-0.1738
-0.4062,-0.2693,-0.6611,-0.65025,-0.4157,-0.4115,-0.1558
-0.3829,-0.261,-0.65525,-0.6445,-0.3895,-0.3974,-0.1336
-0.4228,-0.2939,-0.66815,-0.6583833333333333,-0.4432,-0.4384,-0.1717
-0.3862,-0.2499,-0.66315,-0.6473,-0.4037,-0.4009,-0.1468
-0.4067,-0.2725,-0.6709,-0.6578333333333334,-0.429,-0.4245,-0.1753
-0.4277,-0.2929,-0.6613,-0.6536666666666666,-0.4381,-0.4432,-0.1531
-0.404,-0.2781,-0.66265,-0.6492,-0.416,-0.4267,-0.1501
-0.4264,-0.3061,-0.66385,-0.6537833333333334,-0.4508,-0.4482,-0.1681
-0.4097,-0.2934,-0.6584,-0.6499,-0.434,-0.4418,-0.1528
-0.3895,-0.2608,-0.658,-0.6454833333333333,-0.4004,-0.4099,-0.1405
-0.4319,-0.3036,-0.6698,-0.6577166666666666,-0.4516,-0.4473,-0.1837
-0.4232,-0.2883,-0.6628,-0.6536333333333333,-0.4363,-0.4343,-0.1594
-0.4205,-0.2983,-0.66665,-0.656,-0.44,-0.443,-0.184
-0.3664,-0.2351,-0.6605,-0.6424333333333333,-0.3771,-0.3798,-0.1294
-0.4003,-0.2743,-0.65975,-0.6493833333333333,-0.4172,-0.4227,-0.1507
-0.408,-0.2747,-0.65665,-0.6486,-0.4247,-0.4226,-0.1339
-0.429,-0.2932,-0.6677,-0.6570666666666667,-0.4453,-0.4474,-0.175
-0.4129,-0.2862,-0.66675,-0.6535,-0.4313,-0.4304,-0.1627
-0.4071,-0.2732,-0.6071,-0.653,-0.4198,-0.4234,-0.1573
-0.3829,-0.2587,-0.65515,-0.6442333333333333,-0.3946,-0.4036,-0.1303
-0.4211,-0.2926,-0.66375,-0.6544,-0.4458,-0.4436,-0.1546
-0.412,-0.2932,-0.66975,-0.6570833333333334,-0.4358,-0.4375,-0.1801
-0.3839,-0.2618,-0.65105,-0.6431833333333333,-0.3973,-0.4081,-0.1312
-0.4075,-0.2878,-0.66055,-0.6490833333333333,-0.4274,-0.4269,-0.1495
-0.4022,-0.2678,-0.6625,-0.6496,-0.422,-0.4162,-0.1462
-0.374,-0.2542,-0.65575,-0.6436,-0.3819,-0.3943,-0.136
-0.399,-0.2639,-0.66235,-0.6481333333333333,-0.4068,-0.4119,-0.1588
-0.3888,-0.2631,-0.65735,-0.6461,-0.4019,-0.4058,-0.1318
-0.3971,-0.2759,-0.6671,-0.6513666666666666,-0.4139,-0.4162,-0.169
-0.4235,-0.2932,-0.66845,-0.6572333333333333,-0.4374,-0.4358,-0.1816
-0.4023,-0.2722,-0.65245,-0.6444333333333333,-0.4203,-0.4152,-0.1327
-0.4092,-0.286,-0.65695,-0.6492333333333333,-0.4276,-0.4284,-0.1441
-0.372,-0.251,-0.6575,-0.6449,-0.3866,-0.3954,-0.1288
-0.4071,-0.2821,-0.66585,-0.6517,-0.4305,-0.4315,-0.1627
-0.4113,-0.284,-0.66075,-0.6500666666666667,-0.4217,-0.4267,-0.1555
-0.4159,-0.2824,-0.6748,-0.6570833333333334,-0.4389,-0.4368,-0.1738
-0.4104,-0.2865,-0.66435,-0.6525,-0.4263,-0.4313,-0.1684
-0.4254,-0.3028,-0.66075,-0.65085,-0.4481,-0.4494,-0.1642
-0.413,-0.2836,-0.6657,-0.6547833333333334,-0.4402,-0.4387,-0.1732
-0.4023,-0.2753,-0.6598,-0.6513833333333333,-0.4236,-0.4243,-0.1561
-0.4042,-0.2741,-0.6606,-0.6502333333333333,-0.4211,-0.4198,-0.1537
-0.3886,-0.259,-0.65555,-0.6446166666666666,-0.3987,-0.3977,-0.1336
-0.4012,-0.2761,-0.6661,-0.6522666666666667,-0.4178,-0.4175,-0.1585
-0.3895,-0.2606,-0.66455,-0.65005,-0.4062,-0.407,-0.1444
-0.4099,-0.2902,-0.6677,-0.65435,-0.43,-0.4386,-0.1732
-0.3953,-0.2677,-0.6605,-0.6490166666666667,-0.4044,-0.4083,-0.1486
-0.3951,-0.2682,-0.6546,-0.6450333333333333,-0.4078,-0.4075,-0.1357
-0.4294,-0.3019,-0.6688,-0.6576166666666666,-0.4524,-0.451,-0.1807
-0.4069,-0.2893,-0.66765,-0.65425,-0.4232,-0.4343,-0.1705
-0.4224,-0.2979,-0.66065,-0.65045,-0.4458,-0.4465,-0.1603
-0.4137,-0.2818,-0.66315,-0.6526166666666666,-0.4318,-0.4278,-0.1645
-0.404,-0.281,-0.65515,-0.6463166666666667,-0.4138,-0.4186,-0.1426
-0.4188,-0.2892,-0.6085,-0.65315,-0.4437,-0.4413,-0.1678
-0.413,-0.2848,-0.6624,-0.65245,-0.436,-0.436,-0.1636
-0.3787,-0.2527,-0.6527,-0.64195,-0.39,-0.4013,-0.1249
-0.4004,-0.2802,-0.65915,-0.6459,-0.4211,-0.4237,-0.1414
-0.4002,-0.2732,-0.656,-0.6462666666666667,-0.4179,-0.4186,-0.1456
-0.4021,-0.2797,-0.6589,-0.6508666666666667,-0.4189,-0.4185,-0.1555
-0.3867,-0.2506,-0.6651,-0.6497,-0.4029,-0.4033,-0.1564
-0.4019,-0.2734,-0.6514,-0.6471833333333333,-0.4151,-0.4199,-0.1474
-0.4021,-0.2655,-0.6675,-0.6539166666666667,-0.4202,-0.4188,-0.1621
-0.4136,-0.2868,-0.6614,-0.6515333333333333,-0.4294,-0.4302,-0.1537
-0.3823,-0.2526,-0.64835,-0.6399333333333334,-0.3893,-0.3912,-0.1213
-0.4019,-0.2809,-0.6676,-0.6534166666666666,-0.4252,-0.4276,-0.1639
-0.4144,-0.2836,-0.6619,-0.6522666666666667,-0.4318,-0.4334,-0.1639
-0.4005,-0.2723,-0.65975,-0.64955,-0.4221,-0.4231,-0.1513
-0.3924,-0.2608,-0.6543,-0.6442666666666667,-0.4026,-0.4028,-0.1372
-0.3696,-0.2357,-0.6551,-0.6434,-0.3893,-0.3874,-0.1285
-0.3801,-0.2477,-0.6551,-0.6422166666666667,-0.3919,-0.3925,-0.1366
-0.4129,-0.2798,-0.60655,-0.6538333333333334,-0.4272,-0.4288,-0.1684
-0.408,-0.2913,-0.665,-0.6519666666666667,-0.4335,-0.4407,-0.1603
-0.4106,-0.283,-0.6638,-0.65045,-0.4259,-0.4277,-0.1603
-0.4194,-0.3014,-0.66295,-0.65285,-0.4441,-0.4442,-0.16
-0.4073,-0.2762,-0.6637,-0.6510166666666667,-0.4224,-0.4208,-0.1687
-0.3874,-0.2657,-0.65385,-0.6416,-0.408,-0.4105,-0.142
-0.3934,-0.2707,-0.6577,-0.6455333333333333,-0.411,-0.4102,-0.1507
-0.4024,-0.28,-0.6629,-0.6514,-0.4192,-0.4277,-0.1597
-0.374,-0.2359,-0.65885,-0.6468166666666667,-0.3935,-0.3875,-0.1312
-0.4205,-0.2888,-0.6661,-0.65715,-0.4382,-0.4414,-0.1681
-0.4152,-0.2867,-0.6639,-0.65355,-0.4287,-0.4308,-0.1609
-0.4238,-0.2907,-0.66835,-0.6585,-0.4348,-0.4389,-0.1705
-0.4105,-0.2877,-0.66645,-0.6546333333333333,-0.4251,-0.4355,-0.1576
-0.3898,-0.2736,-0.6613,-0.6474666666666666,-0.4035,-0.4123,-0.1501
-0.4303,-0.2949,-0.66645,-0.6551666666666667,-0.4388,-0.4385,-0.1771
-0.4288,-0.3028,-0.67235,-0.6598333333333334,-0.4498,-0.4491,-0.1759
-0.4105,-0.2954,-0.6687,-0.6565333333333333,-0.4292,-0.4359,-0.1741
-0.372,-0.2547,-0.64995,-0.6394,-0.3871,-0.4001,-0.1249
-0.4048,-0.2853,-0.6667,-0.6539833333333334,-0.4249,-0.4378,-0.1678
-0.3998,-0.2707,-0.6498,-0.64515,-0.408,-0.4143,-0.1267
-0.3931,-0.2734,-0.6585,-0.6488833333333334,-0.4061,-0.4108,-0.1423
-0.3825,-0.2529,-0.65885,-0.6436,-0.4028,-0.4027,-0.1462
-0.3949,-0.267,-0.6626,-0.6487833333333334,-0.4204,-0.4141,-0.1483
-0.3955,-0.2716,-0.6633,-0.6479333333333334,-0.4071,-0.4149,-0.1468
-0.4108,-0.2882,-0.6674,-0.6536833333333333,-0.4296,-0.4298,-0.169
-0.4183,-0.2767,-0.6664,-0.6534833333333333,-0.4314,-0.4285,-0.1564
-0.3995,-0.2618,-0.6587,-0.6477333333333334,-0.4138,-0.4146,-0.1444
-0.4209,-0.3,-0.61195,-0.6588666666666667,-0.4405,-0.4474,-0.1726
-0.4061,-0.2799,-0.66325,-0.6492666666666667,-0.4238,-0.4271,-0.163
-0.3907,-0.266,-0.6644,-0.6507,-0.4118,-0.4158,-0.1531
-0.431,-0.301,-0.61535,-0.66135,-0.4521,-0.448,-0.1834
-0.3991,-0.2763,-0.65545,-0.6470666666666667,-0.4189,-0.4214,-0.1423
-0.3989,-0.2775,-0.66295,-0.6489666666666667,-0.418,-0.4258,-0.1414
-0.4105,-0.2904,-0.66595,-0.6533666666666667,-0.4273,-0.4372,-0.1654
-0.4095,-0.2862,-0.65775,-0.6472833333333333,-0.4222,-0.4233,-0.1516
-0.4287,-0.3017,-0.66785,-0.6575,-0.4519,-0.4512,-0.1792
-0.3941,-0.2618,-0.66025,-0.6482833333333333,-0.4061,-0.4046,-0.1486
-0.425,-0.3024,-0.67555,-0.6588166666666667,-0.4539,-0.4524,-0.1861
-0.4067,-0.2899,-0.6595,-0.6509,-0.4277,-0.4271,-0.1618
-0.3865,-0.2662,-0.65815,-0.6455,-0.4014,-0.4067,-0.1387
-0.4021,-0.2801,-0.66405,-0.6518666666666667,-0.4226,-0.4293,-0.1555
-0.4073,-0.2812,-0.60295,-0.65215,-0.4204,-0.431,-0.1561
-0.3963,-0.2663,-0.65825,-0.64765,-0.4147,-0.4174,-0.1399
-0.4015,-0.2688,-0.6624,-0.6484333333333333,-0.4107,-0.4133,-0.1561
-0.3873,-0.2553,-0.65835,-0.6449,-0.4006,-0.406,-0.1444
-0.4046,-0.2763,-0.6717,-0.6557333333333333,-0.4302,-0.4273,-0.1693
-0.3884,-0.2591,-0.65445,-0.6423166666666666,-0.4013,-0.4049,-0.1378
-0.3941,-0.264,-0.66225,-0.6480833333333333,-0.4034,-0.4095,-0.1501
-0.3887,-0.2694,-0.66555,-0.6492666666666667,-0.3963,-0.4069,-0.1642
-0.4082,-0.2789,-0.66285,-0.6524833333333333,-0.4275,-0.4315,-0.1558
-0.4007,-0.2648,-0.6563,-0.6474666666666666,-0.4127,-0.4142,-0.1423
-0.4027,-0.2895,-0.6608,-0.6501666666666667,-0.4183,-0.4276,-0.1546
-0.4027,-0.2859,-0.6599,-0.6504666666666666,-0.4222,-0.4239,-0.1486
-0.4115,-0.2774,-0.6597,-0.6521333333333333,-0.4295,-0.427,-0.1522
-0.4109,-0.2854,-0.66575,-0.65265,-0.429,-0.4292,-0.1648
-0.3808,-0.2476,-0.65725,-0.64715,-0.3957,-0.3992,-0.1339
-0.388,-0.2648,-0.6577,-0.6477333333333334,-0.3981,-0.4079,-0.1516
-0.405,-0.283,-0.60595,-0.6525,-0.4235,-0.428,-0.1624
-0.4266,-0.2983,-0.6668,-0.6575833333333333,-0.4451,-0.4484,-0.1717
-0.3984,-0.2833,-0.6656,-0.6524666666666666,-0.4246,-0.4264,-0.1567
-0.4047,-0.2664,-0.6611,-0.6507,-0.4214,-0.4181,-0.151
-0.4056,-0.2754,-0.6618,-0.6500833333333333,-0.4168,-0.4209,-0.1543
-0.4225,-0.3023,-0.6742,-0.65855,-0.4432,-0.4486,-0.1816
-0.3986,-0.278,-0.60675,-0.65115,-0.4127,-0.4237,-0.1615
-0.4253,-0.2972,-0.6642,-0.65475,-0.4496,-0.4458,-0.1624
-0.4006,-0.2769,-0.66145,-0.6484166666666666,-0.4175,-0.4262,-0.1486
-0.3946,-0.2729,-0.6633,-0.6517833333333334,-0.4083,-0.4149,-0.1483
-0.4181,-0.2984,-0.6593,-0.6516666666666666,-0.4393,-0.4361,-0.1597
-0.3988,-0.2714,-0.6636,-0.6510666666666667,-0.414,-0.4145,-0.1561
-0.4022,-0.2851,-0.65935,-0.6491833333333333,-0.4191,-0.4255,-0.1537
-0.4284,-0.3022,-0.66435,-0.6572333333333333,-0.4473,-0.4484,-0.1735
-0.4055,-0.2687,-0.66785,-0.65205,-0.4271,-0.422,-0.16
-0.3855,-0.2649,-0.6625,-0.64965,-0.4039,-0.4149,-0.1522
-0.3926,-0.2565,-0.65725,-0.64675,-0.4005,-0.4059,-0.1381
-0.4006,-0.2767,-0.65705,-0.64735,-0.4195,-0.4177,-0.1465
-0.3906,-0.272,-0.65505,-0.6449,-0.4077,-0.4142,-0.1387
-0.3801,-0.2568,-0.6557,-0.6423166666666666,-0.394,-0.4006,-0.1357
-0.4035,-0.2763,-0.66395,-0.6540166666666667,-0.4134,-0.4202,-0.1642
-0.4203,-0.298,-0.66475,-0.6550333333333334,-0.4402,-0.4417,-0.1642
-0.4113,-0.2874,-0.6682,-0.6554666666666666,-0.4227,-0.4327,-0.1753
-0.4384,-0.3054,-0.67015,-0.6594333333333333,-0.4574,-0.4578,-0.1906
-0.3981,-0.2662,-0.6595,-0.6480166666666667,-0.4089,-0.414,-0.1411
-0.3835,-0.2687,-0.66315,-0.64645,-0.3978,-0.4079,-0.145
-0.3313,-0.2905,-0.66925,-0.6578666666666667,-0.4298,-0.4357,-0.1747
-0.3934,-0.281,-0.66115,-0.6455166666666666,-0.4137,-0.4187,-0.1504
-0.4232,-0.2891,-0.66665,-0.6553666666666667,-0.4349,-0.4406,-0.166
-0.3963,-0.27,-0.64865,-0.6438833333333334,-0.4114,-0.415,-0.1321
-0.4023,-0.2755,-0.66095,-0.6498666666666667,-0.4137,-0.4175,-0.1477
-0.4103,-0.2789,-0.6698,-0.6537,-0.4252,-0.4231,-0.1663
-0.4207,-0.2991,-0.67005,-0.6558333333333334,-0.4442,-0.4438,-0.1747
-0.4047,-0.2778,-0.6644,-0.65125,-0.4262,-0.4248,-0.1591
-0.4001,-0.286,-0.6681,-0.65365,-0.4253,-0.4279,-0.1717
-0.4141,-0.288,-0.66535,-0.6546333333333333,-0.4348,-0.4347,-0.1636
-0.3919,-0.2645,-0.65675,-0.64685,-0.4077,-0.4089,-0.1411
-0.3846,-0.2638,-0.6657,-0.6520166666666667,-0.3974,-0.4091,-0.1585
-0.3812,-0.255,-0.6534,-0.64365,-0.3916,-0.3979,-0.1342
-0.3934,-0.2622,-0.6563,-0.64755,-0.403,-0.4108,-0.1396
-0.3964,-0.2688,-0.66005,-0.6485833333333333,-0.4164,-0.4156,-0.151
-0.4202,-0.292,-0.65845,-0.6510666666666667,-0.4358,-0.4367,-0.1684
-0.3886,-0.2524,-0.657,-0.6460666666666667,-0.3957,-0.3973,-0.1357
-0.3978,-0.2691,-0.6543,-0.6445833333333333,-0.41,-0.4122,-0.1336
-0.394,-0.2776,-0.6535,-0.6434166666666666,-0.4057,-0.4129,-0.1354
-0.4249,-0.2946,-0.66415,-0.6562833333333333,-0.4444,-0.4473,-0.1624
-0.4092,-0.2934,-0.65885,-0.65085,-0.4352,-0.4374,-0.1534
-0.4195,-0.2912,-0.672,-0.6587833333333334,-0.4351,-0.4375,-0.178
-0.3747,-0.2461,-0.65335,-0.6426333333333333,-0.3859,-0.392,-0.1252
-0.3887,-0.2709,-0.6549,-0.64595,-0.4041,-0.4123,-0.1396
-0.4074,-0.2806,-0.6696,-0.65555,-0.4235,-0.4267,-0.1705
-0.4121,-0.2813,-0.66205,-0.65215,-0.4181,-0.4267,-0.1591
-0.3985,-0.2866,-0.664,-0.6506833333333333,-0.4217,-0.4309,-0.1648
-0.4275,-0.2998,-0.6667,-0.6562666666666667,-0.4445,-0.4465,-0.1774
-0.386,-0.2524,-0.6534,-0.6443166666666666,-0.392,-0.4012,-0.127
-0.3988,-0.2721,-0.6579,-0.6482833333333333,-0.4205,-0.4227,-0.1489
-0.3899,-0.2669,-0.66495,-0.6496833333333333,-0.4071,-0.4131,-0.1633
-0.3828,-0.2528,-0.60395,-0.64815,-0.3979,-0.4061,-0.1465
-0.4041,-0.2733,-0.66315,-0.6503,-0.4211,-0.4197,-0.1624
-0.408,-0.2825,-0.66365,-0.6513166666666667,-0.4227,-0.4291,-0.1576
-0.4044,-0.2763,-0.67125,-0.6540833333333333,-0.4181,-0.4203,-0.1714
-0.3961,-0.2665,-0.665,-0.6505833333333333,-0.4182,-0.417,-0.1525
-0.3954,-0.2718,-0.65335,-0.6466,-0.4143,-0.4206,-0.1453
-0.4154,-0.2893,-0.6658,-0.6532,-0.4311,-0.4351,-0.1663
-0.3693,-0.2354,-0.64775,-0.63865,-0.3766,-0.3809,-0.1156
-0.4064,-0.2822,-0.66385,-0.6501833333333333,-0.4258,-0.4304,-0.1579
-0.4329,-0.3096,-0.67365,-0.6609166666666667,-0.4526,-0.4579,-0.1852
-0.3947,-0.27,-0.6608,-0.64815,-0.4121,-0.4081,-0.1543
-0.4064,-0.2795,-0.6577,-0.6503166666666667,-0.417,-0.4279,-0.1474
-0.4082,-0.2907,-0.65755,-0.6486166666666666,-0.4255,-0.4315,-0.1564
-0.4005,-0.2775,-0.6607,-0.6482666666666667,-0.4166,-0.4218,-0.1525
-0.418,-0.2836,-0.6669,-0.6546833333333333,-0.4353,-0.4334,-0.1774
-0.3602,-0.2402,-0.6478,-0.6385666666666666,-0.3699,-0.3775,-0.1087
-0.4007,-0.2695,-0.6615,-0.6478,-0.4087,-0.4093,-0.1459
-0.3832,-0.2572,-0.65815,-0.6426666666666667,-0.4018,-0.4007,-0.1438
-0.3881,-0.26,-0.6666,-0.6480666666666667,-0.4067,-0.4114,-0.1543
-0.4161,-0.2895,-0.66065,-0.6513833333333333,-0.4414,-0.4401,-0.151
-0.4034,-0.2684,-0.6586,-0.6464833333333333,-0.4127,-0.4126,-0.1369
-0.3747,-0.2381,-0.65925,-0.6463333333333333,-0.3839,-0.3877,-0.1348
-0.3953,-0.2614,-0.66395,-0.6506166666666666,-0.4125,-0.414,-0.1534
-0.4168,-0.2876,-0.671,-0.6578166666666667,-0.4416,-0.444,-0.1801
-0.4135,-0.2919,-0.6673,-0.6537833333333334,-0.4352,-0.4362,-0.1756
-0.3991,-0.2748,-0.65375,-0.6455,-0.4097,-0.4185,-0.1438
-0.4203,-0.2934,-0.6563,-0.6477833333333334,-0.4431,-0.4468,-0.1546
-0.396,-0.2767,-0.6591,-0.6473166666666667,-0.4153,-0.4202,-0.1498
-0.3897,-0.2718,-0.65735,-0.6454,-0.4014,-0.4109,-0.1426
-0.3992,-0.279,-0.6643,-0.6520666666666667,-0.4187,-0.4273,-0.1558
-0.3918,-0.2685,-0.65925,-0.6465666666666666,-0.4062,-0.4133,-0.1429
-0.3951,-0.2693,-0.6578,-0.6465666666666666,-0.4114,-0.4092,-0.1405
-0.4148,-0.2883,-0.66365,-0.6519666666666667,-0.4302,-0.4322,-0.1618
-0.3922,-0.2715,-0.66675,-0.6534666666666666,-0.4103,-0.4191,-0.1612
-0.4136,-0.2837,-0.66905,-0.6533833333333333,-0.4295,-0.4312,-0.1783
-0.4189,-0.2895,-0.6771,-0.6597666666666666,-0.4423,-0.4411,-0.1825
-0.3869,-0.2655,-0.66285,-0.6499166666666667,-0.3933,-0.4095,-0.1606
-0.3907,-0.2661,-0.65505,-0.6452666666666667,-0.4009,-0.4071,-0.145
-0.3967,-0.2778,-0.6629,-0.6500666666666667,-0.4111,-0.4212,-0.1594
-0.3941,-0.2714,-0.6611,-0.6455666666666666,-0.4098,-0.4143,-0.1501
-0.4423,-0.3069,-0.66595,-0.6574333333333333,-0.4576,-0.4563,-0.178
-0.401,-0.2848,-0.66345,-0.6512166666666667,-0.4255,-0.4284,-0.1537
-0.3775,-0.2539,-0.6624,-0.6466166666666666,-0.3878,-0.3989,-0.1444
-0.4138,-0.2935,-0.66205,-0.6535666666666666,-0.4379,-0.4405,-0.1672
-0.4035,-0.2824,-0.659,-0.6500666666666667,-0.4257,-0.4252,-0.1483
-0.38,-0.2588,-0.6515,-0.64295,-0.3893,-0.3999,-0.1294
-0.3846,-0.2643,-0.66665,-0.6487666666666667,-0.4072,-0.411,-0.1501
-0.406,-0.2825,-0.66925,-0.654,-0.4283,-0.4271,-0.1675
-0.3904,-0.2733,-0.6631,-0.6473,-0.4148,-0.4198,-0.1531
-0.4137,-0.2934,-0.66515,-0.6544666666666666,-0.4313,-0.4362,-0.166
-0.42,-0.2991,-0.66735,-0.6547,-0.444,-0.4419,-0.1753
-0.3992,-0.2755,-0.6608,-0.6487833333333334,-0.4241,-0.4262,-0.1477
-0.3965,-0.2709,-0.6572,-0.6479166666666667,-0.4086,-0.4169,-0.1399
-0.3799,-0.2609,-0.6571,-0.6451666666666667,-0.3904,-0.4016,-0.1408
-0.4133,-0.2894,-0.6691,-0.6566666666666666,-0.4274,-0.4356,-0.1807
-0.4188,-0.2911,-0.6703,-0.65865,-0.4381,-0.4375,-0.1828
-0.4032,-0.2774,-0.6586,-0.6485666666666666,-0.4157,-0.4216,-0.1405
-0.4047,-0.2814,-0.6696,-0.6553666666666667,-0.4232,-0.4352,-0.1744
-0.4002,-0.2792,-0.65315,-0.6455,-0.4222,-0.428,-0.1294
-0.4,-0.2698,-0.66175,-0.65,-0.4244,-0.4203,-0.1576
-0.4083,-0.2845,-0.66795,-0.6541333333333333,-0.427,-0.4328,-0.1705
-0.4163,-0.293,-0.66335,-0.6513,-0.4367,-0.4352,-0.1567
-0.4047,-0.2746,-0.67535,-0.6581333333333333,-0.4205,-0.4237,-0.1807
-0.3979,-0.2664,-0.6556,-0.6456833333333334,-0.4172,-0.4146,-0.1381
-0.4232,-0.3008,-0.6715,-0.65805,-0.4433,-0.4472,-0.1861
-0.4144,-0.2966,-0.6696,-0.65745,-0.4384,-0.4435,-0.1657
-0.3969,-0.267,-0.66365,-0.6477166666666667,-0.4092,-0.4062,-0.1549
-0.4093,-0.2808,-0.66845,-0.6554,-0.4324,-0.4303,-0.175
-0.395,-0.2732,-0.65985,-0.6480666666666667,-0.4018,-0.4151,-0.1492
-0.3741,-0.2424,-0.64925,-0.6380333333333333,-0.3803,-0.39,-0.1204
-0.4168,-0.2973,-0.66995,-0.6577166666666666,-0.4504,-0.4503,-0.1744
-0.4261,-0.2931,-0.6694,-0.6584333333333333,-0.446,-0.4415,-0.1846
-0.4071,-0.2919,-0.6684,-0.6542833333333333,-0.4305,-0.4355,-0.1666
-0.4075,-0.2822,-0.6663,-0.6530333333333334,-0.4287,-0.4271,-0.1636
-0.3932,-0.2713,-0.6615,-0.64875,-0.4057,-0.4125,-0.1516
-0.4171,-0.2936,-0.67235,-0.6577,-0.4327,-0.4371,-0.1774
-0.4081,-0.2888,-0.6632,-0.6524,-0.425,-0.4295,-0.1675
-0.3736,-0.2489,-0.6573,-0.6439666666666667,-0.3878,-0.3935,-0.1396
-0.414,-0.2837,-0.66075,-0.65285,-0.4427,-0.436,-0.1591
-0.4042,-0.2794,-0.6671,-0.6540166666666667,-0.4173,-0.4229,-0.1642
-0.4075,-0.275,-0.65215,-0.6472333333333333,-0.4201,-0.4223,-0.1378
-0.4184,-0.2859,-0.6578,-0.6484,-0.4284,-0.431,-0.1501
-0.4256,-0.3104,-0.67065,-0.6582333333333333,-0.4545,-0.4546,-0.1756
-0.399,-0.2605,-0.6607,-0.64835,-0.412,-0.4146,-0.1522
-0.4037,-0.288,-0.65915,-0.6473666666666666,-0.4252,-0.4271,-0.1519
-0.4101,-0.2883,-0.66395,-0.6530333333333334,-0.4308,-0.4299,-0.1588
-0.3864,-0.27,-0.65865,-0.6468833333333334,-0.3931,-0.415,-0.1456
-0.4029,-0.2773,-0.66695,-0.6513666666666666,-0.4154,-0.4225,-0.1681
-0.3868,-0.2622,-0.6598,-0.6479,-0.395,-0.404,-0.1549
-0.4004,-0.2708,-0.66445,-0.6511666666666667,-0.414,-0.419,-0.1537
-0.3902,-0.2561,-0.6661,-0.6509333333333334,-0.4007,-0.404,-0.1477
-0.4267,-0.2924,-0.6685,-0.6577166666666666,-0.4464,-0.4499,-0.1708
-0.3979,-0.2757,-0.65725,-0.6487833333333334,-0.4197,-0.4151,-0.1489
-0.419,-0.2875,-0.6639,-0.6540166666666667,-0.4362,-0.4386,-0.1672
-0.4106,-0.2877,-0.65885,-0.6485833333333333,-0.4217,-0.4264,-0.1519
-0.4028,-0.2806,-0.66195,-0.6501333333333333,-0.4228,-0.4218,-0.1594
-0.4371,-0.3084,-0.6715,-0.6609333333333334,-0.4535,-0.4568,-0.1945
-0.4069,-0.2838,-0.6588,-0.6489833333333334,-0.429,-0.4285,-0.1576
-0.3758,-0.2586,-0.64675,-0.63935,-0.3964,-0.402,-0.1198
-0.3993,-0.275,-0.65995,-0.6481333333333333,-0.4244,-0.4226,-0.1543
-0.397,-0.2686,-0.6626,-0.64905,-0.4064,-0.4112,-0.1609
-0.4061,-0.2844,-0.6631,-0.6533333333333333,-0.4232,-0.4275,-0.1636
-0.3945,-0.2707,-0.65735,-0.6442666666666667,-0.4133,-0.4177,-0.1372
-0.3935,-0.2708,-0.6576,-0.6453,-0.3987,-0.4056,-0.1456
-0.4058,-0.2794,-0.66435,-0.6527833333333334,-0.4274,-0.4295,-0.16
-0.3999,-0.2738,-0.666,-0.6516333333333333,-0.4227,-0.425,-0.1567
-0.4015,-0.2768,-0.65955,-0.65025,-0.4182,-0.4182,-0.1489
-0.3877,-0.2639,-0.65705,-0.6468333333333334,-0.4042,-0.4105,-0.1423
-0.3728,-0.2517,-0.65435,-0.6450166666666667,-0.388,-0.3969,-0.1234
-0.4093,-0.2769,-0.6659,-0.6533333333333333,-0.4253,-0.4269,-0.1582
-0.4202,-0.286,-0.66115,-0.6529833333333334,-0.4381,-0.436,-0.1546
-0.3968,-0.267,-0.65425,-0.6471333333333333,-0.416,-0.4144,-0.1366
-0.4078,-0.2767,-0.65765,-0.6477,-0.413,-0.4213,-0.1411
-0.4209,-0.2941,-0.6692,-0.65785,-0.4405,-0.4408,-0.1693
-0.394,-0.2707,-0.6533,-0.6433833333333333,-0.4198,-0.4162,-0.1396
-0.4021,-0.2707,-0.6607,-0.64795,-0.4169,-0.4136,-0.1465
-0.3973,-0.2685,-0.66405,-0.6519333333333334,-0.4163,-0.4163,-0.1507
-0.4087,-0.2857,-0.67135,-0.65645,-0.4301,-0.4316,-0.1744
-0.4024,-0.281,-0.6652,-0.6495666666666666,-0.4202,-0.4229,-0.1621
-0.4092,-0.2842,-0.61745,-0.6585166666666666,-0.4283,-0.4325,-0.1843
-0.4183,-0.2948,-0.67195,-0.6591333333333333,-0.4333,-0.4441,-0.1732
-0.3998,-0.2816,-0.66505,-0.6529166666666667,-0.4161,-0.4273,-0.1597
-0.3914,-0.2635,-0.66185,-0.6475833333333333,-0.4006,-0.407,-0.1513
-0.4093,-0.2764,-0.66505,-0.6528666666666667,-0.4235,-0.4268,-0.1726
-0.4038,-0.275,-0.66215,-0.6504333333333333,-0.4154,-0.4203,-0.1561
-0.4029,-0.2769,-0.6659,-0.6502666666666667,-0.4164,-0.4206,-0.1606
-0.4055,-0.2787,-0.66435,-0.65005,-0.4198,-0.4235,-0.166
-0.4121,-0.2862,-0.6675,-0.6540333333333334,-0.4313,-0.4336,-0.1729
-0.3803,-0.2473,-0.6628,-0.6478166666666667,-0.392,-0.3937,-0.1513
-0.3913,-0.2664,-0.6606,-0.64955,-0.4162,-0.4161,-0.1585
-0.3813,-0.2568,-0.65895,-0.6467166666666667,-0.3908,-0.4023,-0.1402
-0.4005,-0.2648,-0.6653,-0.6539666666666667,-0.4135,-0.4177,-0.1567
-0.4232,-0.2997,-0.6639,-0.65305,-0.4382,-0.4412,-0.1636
-0.4313,-0.3027,-0.6706,-0.6587166666666666,-0.4446,-0.4506,-0.1918
-0.4047,-0.2771,-0.6605,-0.6475,-0.4218,-0.419,-0.1522
-0.4034,-0.2748,-0.65895,-0.6495166666666666,-0.4186,-0.4172,-0.1471
-0.4007,-0.2758,-0.66635,-0.6519,-0.4152,-0.4225,-0.1549
-0.4009,-0.2772,-0.65835,-0.6493333333333333,-0.4094,-0.4173,-0.1522
-0.3799,-0.2563,-0.6535,-0.6444166666666666,-0.3942,-0.4038,-0.1312
-0.4016,-0.2724,-0.66205,-0.6487666666666667,-0.4151,-0.4152,-0.1408
-0.3907,-0.2706,-0.66085,-0.6481,-0.4043,-0.4081,-0.1519
-0.3924,-0.2676,-0.6563,-0.6473166666666667,-0.4129,-0.4173,-0.1498
-0.413,-0.2893,-0.6573,-0.649,-0.4288,-0.4303,-0.1549
-0.3837,-0.2653,-0.6542,-0.6412833333333333,-0.3959,-0.4004,-0.1306
-0.3916,-0.2671,-0.6588,-0.6484833333333333,-0.4083,-0.4109,-0.151
-0.4068,-0.2812,-0.67115,-0.65615,-0.4285,-0.4329,-0.1735
-0.4108,-0.2749,-0.6608,-0.6518333333333334,-0.4298,-0.4312,-0.1543
-0.402,-0.278,-0.61095,-0.65335,-0.4219,-0.4267,-0.1645
-0.4275,-0.3069,-0.6678,-0.65815,-0.4519,-0.4557,-0.1741
-0.402,-0.2736,-0.65925,-0.6505666666666666,-0.4189,-0.4175,-0.1567
-0.4066,-0.2837,-0.6588,-0.6493666666666666,-0.4293,-0.4349,-0.1441
-0.4231,-0.292,-0.66375,-0.65255,-0.4333,-0.4378,-0.169
-0.4146,-0.299,-0.6666,-0.6550333333333334,-0.4375,-0.4423,-0.1645
-0.4025,-0.2802,-0.6624,-0.6507833333333334,-0.4167,-0.4261,-0.148
-0.3971,-0.2734,-0.66105,-0.6488833333333334,-0.41,-0.4217,-0.154
-0.3805,-0.251,-0.6573,-0.6454666666666666,-0.3865,-0.3971,-0.1405
-0.4101,-0.2871,-0.6609,-0.6502666666666667,-0.4292,-0.4307,-0.1606
-0.3946,-0.2852,-0.6611,-0.6501333333333333,-0.4231,-0.4325,-0.1498
-0.4216,-0.2781,-0.66575,-0.6546833333333333,-0.4265,-0.4254,-0.1639
-0.3725,-0.2454,-0.6492,-0.6400333333333333,-0.3828,-0.3851,-0.115
-0.4011,-0.2738,-0.66065,-0.6494,-0.4155,-0.4198,-0.1513
-0.3922,-0.2708,-0.6592,-0.64845,-0.4095,-0.4149,-0.1465
-0.4103,-0.2845,-0.6607,-0.64885,-0.4218,-0.4251,-0.1597
-0.3963,-0.269,-0.65345,-0.6458333333333334,-0.4125,-0.4119,-0.1267
-0.3961,-0.2719,-0.65735,-0.64735,-0.4156,-0.4134,-0.1492
-0.4254,-0.3038,-0.66955,-0.6583833333333333,-0.4467,-0.4457,-0.1807
-0.4034,-0.2749,-0.6642,-0.65175,-0.4146,-0.4176,-0.1582
-0.4051,-0.286,-0.66065,-0.6523,-0.4243,-0.4291,-0.1639
-0.4132,-0.2872,-0.66275,-0.6521833333333333,-0.4387,-0.4365,-0.1606
-0.3872,-0.2554,-0.6646,-0.6489,-0.3933,-0.3972,-0.1516
-0.408,-0.2823,-0.66085,-0.6505166666666666,-0.4203,-0.4287,-0.151
-0.3878,-0.2534,-0.6578,-0.6453166666666666,-0.4091,-0.4,-0.1438
-0.4155,-0.3034,-0.6732,-0.6594666666666666,-0.4446,-0.4453,-0.1843
-0.4003,-0.2704,-0.6604,-0.6476166666666666,-0.4178,-0.4153,-0.1498
-0.3954,-0.2696,-0.659,-0.6480166666666667,-0.4078,-0.4079,-0.1513
-0.4041,-0.2846,-0.6574,-0.6466833333333334,-0.4323,-0.4263,-0.1504
-0.3782,-0.2622,-0.6625,-0.6457833333333334,-0.3986,-0.4106,-0.1471
-0.4174,-0.303,-0.65975,-0.6512333333333333,-0.4395,-0.445,-0.1546
-0.4337,-0.3064,-0.6611,-0.65525,-0.4545,-0.4553,-0.1597
-0.4057,-0.2669,-0.661,-0.6518333333333334,-0.4166,-0.4182,-0.1498
-0.4003,-0.2724,-0.66495,-0.6524,-0.4227,-0.4218,-0.1558
-0.389,-0.2556,-0.6635,-0.6475166666666666,-0.3979,-0.4017,-0.1483
-0.4159,-0.2878,-0.66215,-0.6538333333333334,-0.4366,-0.4356,-0.1606
-0.4204,-0.2931,-0.6161,-0.6586166666666666,-0.4403,-0.4476,-0.1756
-0.3897,-0.2663,-0.64945,-0.6408333333333334,-0.401,-0.4098,-0.1198
-0.4125,-0.2902,-0.66705,-0.6540833333333333,-0.427,-0.4346,-0.1669
-0.3815,-0.2407,-0.65595,-0.64485,-0.3899,-0.385,-0.1267
-0.4071,-0.275,-0.66445,-0.6497,-0.4231,-0.4216,-0.1612
-0.4021,-0.2736,-0.65785,-0.6492166666666667,-0.4172,-0.4241,-0.1441
-0.3834,-0.2563,-0.656,-0.6423666666666666,-0.406,-0.4022,-0.1399
-0.398,-0.2865,-0.6616,-0.6487166666666667,-0.4171,-0.426,-0.1666
-0.3963,-0.27,-0.6631,-0.6526166666666666,-0.4158,-0.4178,-0.1555
-0.4171,-0.2984,-0.66155,-0.6494333333333333,-0.4357,-0.4416,-0.1624
-0.4006,-0.2814,-0.6646,-0.6521166666666667,-0.4206,-0.4298,-0.1648
-0.3852,-0.2544,-0.6573,-0.6446833333333334,-0.4005,-0.3988,-0.1384
-0.3999,-0.285,-0.66455,-0.65125,-0.4123,-0.42,-0.1615
-0.4079,-0.2817,-0.66815,-0.6549,-0.419,-0.4257,-0.1642
-0.3877,-0.2591,-0.65835,-0.64615,-0.4029,-0.4064,-0.1453
-0.4055,-0.2875,-0.66145,-0.6508,-0.4293,-0.4312,-0.1507
-0.3932,-0.2589,-0.59255,-0.6438666666666667,-0.41,-0.406,-0.1261
-0.393,-0.2764,-0.6598,-0.6478,-0.4146,-0.4216,-0.148
-0.3874,-0.2658,-0.65915,-0.6467166666666667,-0.4052,-0.413,-0.1489
-0.3973,-0.2696,-0.65825,-0.6480333333333334,-0.4057,-0.4112,-0.1414
-0.4001,-0.2793,-0.6629,-0.65115,-0.4204,-0.4283,-0.1639
-0.4417,-0.3109,-0.6671,-0.6575666666666666,-0.4609,-0.4627,-0.1771
-0.4227,-0.2985,-0.6705,-0.6582333333333333,-0.4423,-0.4433,-0.1762
-0.3761,-0.2638,-0.65375,-0.64125,-0.3861,-0.4018,-0.1264
-0.3989,-0.266,-0.65775,-0.648,-0.4146,-0.4109,-0.1336
-0.3978,-0.2715,-0.6625,-0.6501,-0.4109,-0.4158,-0.1555
-0.414,-0.2902,-0.6626,-0.6501666666666667,-0.435,-0.4378,-0.1498
-0.4173,-0.2982,-0.66105,-0.6525,-0.4344,-0.4395,-0.1603
-0.3873,-0.2571,-0.65445,-0.6433833333333333,-0.4004,-0.4017,-0.1333
-0.3927,-0.2689,-0.6588,-0.6474333333333333,-0.408,-0.4096,-0.1447
-0.4043,-0.2777,-0.6666,-0.6539666666666667,-0.4195,-0.4239,-0.1657
-0.4065,-0.286,-0.66315,-0.65105,-0.4212,-0.4308,-0.1675
-0.4002,-0.2763,-0.6602,-0.65085,-0.421,-0.4263,-0.1552
-0.3991,-0.2786,-0.66195,-0.64895,-0.4175,-0.4159,-0.1573
-0.4047,-0.275,-0.6625,-0.6503833333333333,-0.4123,-0.4182,-0.1519
-0.4126,-0.2847,-0.66045,-0.65335,-0.4406,-0.4367,-0.1531
-0.3865,-0.2635,-0.65215,-0.6442,-0.3961,-0.4044,-0.1282
-0.401,-0.2722,-0.6671,-0.6514166666666666,-0.4157,-0.4145,-0.1603
-0.398,-0.2773,-0.66525,-0.6496666666666666,-0.4147,-0.4197,-0.1612
-0.4216,-0.2986,-0.67765,-0.66105,-0.448,-0.4465,-0.19
-0.4111,-0.2876,-0.66755,-0.6526833333333333,-0.4354,-0.4366,-0.1672
-0.4105,-0.2866,-0.6624,-0.6514166666666666,-0.4306,-0.4302,-0.1489
-0.4106,-0.2745,-0.6705,-0.6555666666666666,-0.4265,-0.4253,-0.1699
-0.4043,-0.2817,-0.6635,-0.6500666666666667,-0.4201,-0.4237,-0.1606
-0.3857,-0.2598,-0.6602,-0.6472166666666667,-0.395,-0.4087,-0.1396
-0.4093,-0.2938,-0.6587,-0.64825,-0.4208,-0.4314,-0.1534
-0.4064,-0.2705,-0.66175,-0.6506833333333333,-0.4228,-0.4219,-0.1666
-0.398,-0.2733,-0.6509,-0.6422333333333333,-0.4062,-0.4083,-0.1261
-0.3918,-0.2578,-0.66555,-0.6520666666666667,-0.4066,-0.4139,-0.154
-0.412,-0.2827,-0.6564,-0.6478666666666667,-0.4276,-0.4276,-0.1501
-0.4133,-0.2836,-0.66835,-0.65565,-0.4357,-0.4368,-0.1681
-0.4056,-0.283,-0.667,-0.65525,-0.4294,-0.4308,-0.1705
-0.4194,-0.3018,-0.66465,-0.6532,-0.4394,-0.443,-0.1669
-0.413,-0.2825,-0.6651,-0.6546333333333333,-0.4327,-0.4314,-0.1627
-0.4037,-0.2712,-0.6621,-0.6502,-0.4115,-0.4132,-0.1444
-0.4035,-0.2775,-0.6679,-0.6518,-0.4176,-0.4186,-0.1618
-0.3988,-0.2754,-0.6663,-0.65245,-0.4075,-0.4162,-0.1606
-0.4128,-0.2824,-0.6673,-0.6541,-0.4288,-0.4295,-0.1648
-0.3917,-0.2624,-0.6618,-0.6473833333333333,-0.4022,-0.4061,-0.1519
-0.4055,-0.2818,-0.66035,-0.65205,-0.4284,-0.4298,-0.1528
-0.4187,-0.3059,-0.66645,-0.65345,-0.4444,-0.4444,-0.1819
-0.4147,-0.2795,-0.6703,-0.6562333333333333,-0.4285,-0.4336,-0.169
-0.4121,-0.292,-0.67635,-0.6593833333333333,-0.4376,-0.4399,-0.1846
-0.4012,-0.2789,-0.65725,-0.6493333333333333,-0.4188,-0.4256,-0.1555
-0.4106,-0.2878,-0.67145,-0.6575166666666666,-0.4291,-0.433,-0.175
-0.3969,-0.2647,-0.65525,-0.6483166666666667,-0.4148,-0.4146,-0.1369
-0.4013,-0.2802,-0.6609,-0.6504333333333333,-0.4199,-0.4309,-0.1519
-0.376,-0.2541,-0.65355,-0.6444,-0.3852,-0.3943,-0.1291
-0.4081,-0.2873,-0.65705,-0.6475,-0.4203,-0.4281,-0.1423
-0.3803,-0.2532,-0.6577,-0.6457166666666667,-0.3842,-0.394,-0.1276
-0.3972,-0.2801,-0.6665,-0.6517833333333334,-0.4217,-0.4285,-0.1606
-0.4048,-0.2762,-0.6711,-0.6543833333333333,-0.4233,-0.4232,-0.1831
-0.3854,-0.2609,-0.6521,-0.6439166666666667,-0.392,-0.4037,-0.1318
-0.4195,-0.295,-0.6644,-0.6533333333333333,-0.4338,-0.4342,-0.1543
-0.4054,-0.2777,-0.65325,-0.6457833333333334,-0.4121,-0.4156,-0.1393
-0.4244,-0.2972,-0.66455,-0.6543833333333333,-0.4402,-0.4407,-0.163
-0.4014,-0.2764,-0.66235,-0.6501166666666667,-0.42,-0.4229,-0.1579
-0.3801,-0.2568,-0.6588,-0.64575,-0.3885,-0.4008,-0.1327
-0.3809,-0.2532,-0.66175,-0.6466166666666666,-0.394,-0.4023,-0.1426
-0.3936,-0.2763,-0.66255,-0.6501666666666667,-0.4162,-0.4271,-0.1606
-0.4136,-0.2913,-0.66495,-0.6550333333333334,-0.4271,-0.437,-0.1663
-0.388,-0.2638,-0.65785,-0.6468666666666667,-0.405,-0.4113,-0.1438
-0.3926,-0.2776,-0.65835,-0.6483166666666667,-0.4177,-0.4191,-0.1456
-0.3959,-0.2799,-0.6563,-0.6432833333333333,-0.4187,-0.4207,-0.1399
-0.4052,-0.2858,-0.6571,-0.64705,-0.4242,-0.4262,-0.1429
-0.4096,-0.2871,-0.61005,-0.6549333333333334,-0.4296,-0.4326,-0.1747
-0.4152,-0.2914,-0.6641,-0.6525833333333333,-0.4252,-0.4284,-0.1633
-0.4078,-0.2781,-0.66435,-0.65105,-0.4262,-0.4225,-0.1627
-0.406,-0.278,-0.61775,-0.6574,-0.4319,-0.4267,-0.1828
-0.4119,-0.2963,-0.6629,-0.6516666666666666,-0.4311,-0.4413,-0.1612
-0.403,-0.2833,-0.66165,-0.6500166666666667,-0.4227,-0.4239,-0.1594
-0.4066,-0.2807,-0.66165,-0.6500166666666667,-0.4225,-0.4217,-0.1501
-0.3627,-0.2412,-0.6546,-0.6415833333333333,-0.3817,-0.3952,-0.1276
-0.4067,-0.2739,-0.66555,-0.6539,-0.4201,-0.4237,-0.1543
-0.3895,-0.2571,-0.65805,-0.6469333333333334,-0.3963,-0.4032,-0.1432
-0.4182,-0.2989,-0.6621,-0.6505666666666666,-0.434,-0.4368,-0.1702
-0.3906,-0.2519,-0.65645,-0.6462,-0.4005,-0.4004,-0.1378
-0.4209,-0.2896,-0.66285,-0.6550833333333334,-0.4391,-0.4412,-0.169
-0.3961,-0.2733,-0.65695,-0.6457833333333334,-0.4119,-0.4101,-0.1471
-0.426,-0.3007,-0.66755,-0.6568,-0.4338,-0.4416,-0.1708
-0.3948,-0.2777,-0.6592,-0.6475666666666666,-0.4107,-0.4277,-0.1486
-0.3948,-0.2617,-0.6624,-0.6497333333333334,-0.4041,-0.4073,-0.1543
-0.3869,-0.2615,-0.65745,-0.6467333333333334,-0.3992,-0.4054,-0.1321
-0.3794,-0.2635,-0.64355,-0.6372333333333333,-0.3897,-0.4011,-0.1141
-0.39,-0.2518,-0.66345,-0.6495333333333333,-0.3998,-0.4027,-0.1519
-0.4002,-0.2826,-0.6617,-0.6482,-0.423,-0.4292,-0.1507
-0.3947,-0.2673,-0.6526,-0.6444166666666666,-0.4113,-0.4131,-0.1291
-0.4078,-0.2859,-0.66295,-0.6523166666666667,-0.4256,-0.4288,-0.1609
